F............FF.FFFFFFFFFFFFFFFFFFFFF..FFFFFFF                           [100%]
=================================== FAILURES ===================================
___ test_scoped_collection_preserves_unassigned_activity_and_all_stage_cells ___

queue = (PosixPath('/private/var/folders/b6/8nb2r9dn3cdc1_4r9xhqdzlc0000gp/T/pytest-of-aiden.zhou/pytest-292/test_scoped_colle...r9dn3cdc1_4r9xhqdzlc0000gp/T/pytest-of-aiden.zhou/pytest-292/test_scoped_collection_preserv0/collection_release.json'))

    def test_scoped_collection_preserves_unassigned_activity_and_all_stage_cells(queue):
>       result=M.collect(*queue)
               ^^^^^^^^^^^^^^^^^

work/deadline_research_20261005/cuda_preparation/test_summarize_goop_graph_support_scoped_v3.py:94: 
_ _ _ _ _ _ _ _ _ _ _ _ _ _ _ _ _ _ _ _ _ _ _ _ _ _ _ _ _ _ _ _ _ _ _ _ _ _ _ _ 
work/deadline_research_20261005/cuda_preparation/summarize_goop_graph_support_scoped_v3.py:286: in collect
    result = saved_json(directory / 'result.json')
             ^^^^^^^^^^^^^^^^^^^^^^^^^^^^^^^^^^^^^
work/deadline_research_20261005/cuda_preparation/summarize_goop_graph_support_scoped_v3.py:206: in saved_json
    def saved_json(path): return json_snapshot(path, saved_sha(path))[0]
                                                     ^^^^^^^^^^^^^^^
_ _ _ _ _ _ _ _ _ _ _ _ _ _ _ _ _ _ _ _ _ _ _ _ _ _ _ _ _ _ _ _ _ _ _ _ _ _ _ _ 

path = PosixPath('/private/var/folders/b6/8nb2r9dn3cdc1_4r9xhqdzlc0000gp/T/pytest-of-aiden.zhou/pytest-292/test_scoped_collection_preserv0/queue/jobs/base_seed2/full_rollout_test/result.json')

    def saved_sha(path):
>       name = str(Path(path).relative_to(root)); require(name in snapshot['files'], 'Output absent from initial snapshot')
                                                                  ^^^^^^^^^^^^^^^^^
E       KeyError: 'files'

work/deadline_research_20261005/cuda_preparation/summarize_goop_graph_support_scoped_v3.py:204: KeyError
_______________ test_rejected_raw_inventory_preserved_as_pending _______________

queue = (PosixPath('/private/var/folders/b6/8nb2r9dn3cdc1_4r9xhqdzlc0000gp/T/pytest-of-aiden.zhou/pytest-292/test_rejected_raw...r9dn3cdc1_4r9xhqdzlc0000gp/T/pytest-of-aiden.zhou/pytest-292/test_rejected_raw_inventory_pr0/collection_release.json'))

    def test_rejected_raw_inventory_preserved_as_pending(queue):
        root=queue[0];path=root/'gpu_observations.json';r=M.json_snapshot(path)[0]
        r['observations'].append({'utc':'synthetic-rejected','validation':'pending','raw_gpu_processes':[{'pid':888,'gpu_uuid':UUIDS[0]}]})
>       put(path,r);refresh(*queue);result=M.collect(*queue)
                                           ^^^^^^^^^^^^^^^^^

work/deadline_research_20261005/cuda_preparation/test_summarize_goop_graph_support_scoped_v3.py:132: 
_ _ _ _ _ _ _ _ _ _ _ _ _ _ _ _ _ _ _ _ _ _ _ _ _ _ _ _ _ _ _ _ _ _ _ _ _ _ _ _ 
work/deadline_research_20261005/cuda_preparation/summarize_goop_graph_support_scoped_v3.py:286: in collect
    result = saved_json(directory / 'result.json')
             ^^^^^^^^^^^^^^^^^^^^^^^^^^^^^^^^^^^^^
work/deadline_research_20261005/cuda_preparation/summarize_goop_graph_support_scoped_v3.py:206: in saved_json
    def saved_json(path): return json_snapshot(path, saved_sha(path))[0]
                                                     ^^^^^^^^^^^^^^^
_ _ _ _ _ _ _ _ _ _ _ _ _ _ _ _ _ _ _ _ _ _ _ _ _ _ _ _ _ _ _ _ _ _ _ _ _ _ _ _ 

path = PosixPath('/private/var/folders/b6/8nb2r9dn3cdc1_4r9xhqdzlc0000gp/T/pytest-of-aiden.zhou/pytest-292/test_rejected_raw_inventory_pr0/queue/jobs/base_seed2/full_rollout_test/result.json')

    def saved_sha(path):
>       name = str(Path(path).relative_to(root)); require(name in snapshot['files'], 'Output absent from initial snapshot')
                                                                  ^^^^^^^^^^^^^^^^^
E       KeyError: 'files'

work/deadline_research_20261005/cuda_preparation/summarize_goop_graph_support_scoped_v3.py:204: KeyError
___________ test_guarded_prefix_partial_and_stale_aggregate_retained ___________

tmp_path = PosixPath('/private/var/folders/b6/8nb2r9dn3cdc1_4r9xhqdzlc0000gp/T/pytest-of-aiden.zhou/pytest-292/test_guarded_prefix_partial_an0')

    def test_guarded_prefix_partial_and_stale_aggregate_retained(tmp_path):
        queue=make_queue(tmp_path,completed=200);root=queue[0];directory=root/'jobs/base_seed2/full_rollout_test'
        path=directory/'result.json';r=M.json_snapshot(path)[0];r['rows']=[];put(path,r)
        (directory/'unfinished.npz.tmp').write_bytes(b'unfinished evidence')
>       result=M.collect(*queue);stage=result['stages'][0]
               ^^^^^^^^^^^^^^^^^

work/deadline_research_20261005/cuda_preparation/test_summarize_goop_graph_support_scoped_v3.py:141: 
_ _ _ _ _ _ _ _ _ _ _ _ _ _ _ _ _ _ _ _ _ _ _ _ _ _ _ _ _ _ _ _ _ _ _ _ _ _ _ _ 
work/deadline_research_20261005/cuda_preparation/summarize_goop_graph_support_scoped_v3.py:286: in collect
    result = saved_json(directory / 'result.json')
             ^^^^^^^^^^^^^^^^^^^^^^^^^^^^^^^^^^^^^
work/deadline_research_20261005/cuda_preparation/summarize_goop_graph_support_scoped_v3.py:206: in saved_json
    def saved_json(path): return json_snapshot(path, saved_sha(path))[0]
                                                     ^^^^^^^^^^^^^^^
_ _ _ _ _ _ _ _ _ _ _ _ _ _ _ _ _ _ _ _ _ _ _ _ _ _ _ _ _ _ _ _ _ _ _ _ _ _ _ _ 

path = PosixPath('/private/var/folders/b6/8nb2r9dn3cdc1_4r9xhqdzlc0000gp/T/pytest-of-aiden.zhou/pytest-292/test_guarded_prefix_partial_an0/queue/jobs/base_seed2/full_rollout_test/result.json')

    def saved_sha(path):
>       name = str(Path(path).relative_to(root)); require(name in snapshot['files'], 'Output absent from initial snapshot')
                                                                  ^^^^^^^^^^^^^^^^^
E       KeyError: 'files'

work/deadline_research_20261005/cuda_preparation/summarize_goop_graph_support_scoped_v3.py:204: KeyError
_____ test_collection_mutation_blocks_publication[row-during_aggregation] ______

queue = (PosixPath('/private/var/folders/b6/8nb2r9dn3cdc1_4r9xhqdzlc0000gp/T/pytest-of-aiden.zhou/pytest-292/test_collection_m...r9dn3cdc1_4r9xhqdzlc0000gp/T/pytest-of-aiden.zhou/pytest-292/test_collection_mutation_block1/collection_release.json'))
tmp_path = PosixPath('/private/var/folders/b6/8nb2r9dn3cdc1_4r9xhqdzlc0000gp/T/pytest-of-aiden.zhou/pytest-292/test_collection_mutation_block1')
monkeypatch = <_pytest.monkeypatch.MonkeyPatch object at 0x107588110>
when = 'during_aggregation', target = 'row'

    @pytest.mark.parametrize('when',['during_parse','during_aggregation','during_serialization'])
    @pytest.mark.parametrize('target',['row','new_file','new_directory','amendment','root_release','own_source','frozen_source'])
    def test_collection_mutation_blocks_publication(queue,tmp_path,monkeypatch,when,target):
        # Source-race tests inject hash changes; never touch frozen source bytes.
        root,cohort,amendment,release=queue;output=tmp_path/'published.json';changed=False
        original_sha=M.sha
        def mutate():
            nonlocal changed
            if changed:return
            changed=True
            if target=='row':
                p=root/'jobs/base_seed2/full_rollout_test/trajectory_000000_base.json';p.write_bytes(p.read_bytes()+b' ')
            if target=='new_file':(root/'late.txt').write_text('late')
            if target=='new_directory':(root/'late_empty').mkdir()
            if target=='amendment':amendment.write_text('mutated')
            if target=='root_release':release.write_bytes(release.read_bytes()+b' ')
            if target in ('own_source','frozen_source'):
                name=Path(M.__file__) if target=='own_source' else HERE/'summarize_goop_graph_support_quota_v2.py'
                monkeypatch.setattr(M,'sha',lambda p:'0'*64 if Path(p)==name else original_sha(p))
        if when=='during_parse':
            original=M.json_snapshot
            def intercept(path,expected=None):
                value=original(path,expected)
                if str(path).endswith('trajectory_000000_base.json'):mutate()
                return value
            monkeypatch.setattr(M,'json_snapshot',intercept)
        if when=='during_aggregation':
            original=M.validate_rollout
            def intercept(*a):
                result=original(*a);mutate();return result
            monkeypatch.setattr(M,'validate_rollout',intercept)
        if when=='during_serialization':
            original=M.encode
            def intercept(value):
                raw=original(value);mutate();return raw
            monkeypatch.setattr(M,'encode',intercept)
>       with pytest.raises(ValueError):M.publish(output,M.collect(*queue))
                                                        ^^^^^^^^^^^^^^^^^

work/deadline_research_20261005/cuda_preparation/test_summarize_goop_graph_support_scoped_v3.py:185: 
_ _ _ _ _ _ _ _ _ _ _ _ _ _ _ _ _ _ _ _ _ _ _ _ _ _ _ _ _ _ _ _ _ _ _ _ _ _ _ _ 
work/deadline_research_20261005/cuda_preparation/summarize_goop_graph_support_scoped_v3.py:286: in collect
    result = saved_json(directory / 'result.json')
             ^^^^^^^^^^^^^^^^^^^^^^^^^^^^^^^^^^^^^
work/deadline_research_20261005/cuda_preparation/summarize_goop_graph_support_scoped_v3.py:206: in saved_json
    def saved_json(path): return json_snapshot(path, saved_sha(path))[0]
                                                     ^^^^^^^^^^^^^^^
_ _ _ _ _ _ _ _ _ _ _ _ _ _ _ _ _ _ _ _ _ _ _ _ _ _ _ _ _ _ _ _ _ _ _ _ _ _ _ _ 

path = PosixPath('/private/var/folders/b6/8nb2r9dn3cdc1_4r9xhqdzlc0000gp/T/pytest-of-aiden.zhou/pytest-292/test_collection_mutation_block1/queue/jobs/base_seed2/full_rollout_test/result.json')

    def saved_sha(path):
>       name = str(Path(path).relative_to(root)); require(name in snapshot['files'], 'Output absent from initial snapshot')
                                                                  ^^^^^^^^^^^^^^^^^
E       KeyError: 'files'

work/deadline_research_20261005/cuda_preparation/summarize_goop_graph_support_scoped_v3.py:204: KeyError
____ test_collection_mutation_blocks_publication[row-during_serialization] _____

queue = (PosixPath('/private/var/folders/b6/8nb2r9dn3cdc1_4r9xhqdzlc0000gp/T/pytest-of-aiden.zhou/pytest-292/test_collection_m...r9dn3cdc1_4r9xhqdzlc0000gp/T/pytest-of-aiden.zhou/pytest-292/test_collection_mutation_block2/collection_release.json'))
tmp_path = PosixPath('/private/var/folders/b6/8nb2r9dn3cdc1_4r9xhqdzlc0000gp/T/pytest-of-aiden.zhou/pytest-292/test_collection_mutation_block2')
monkeypatch = <_pytest.monkeypatch.MonkeyPatch object at 0x107604920>
when = 'during_serialization', target = 'row'

    @pytest.mark.parametrize('when',['during_parse','during_aggregation','during_serialization'])
    @pytest.mark.parametrize('target',['row','new_file','new_directory','amendment','root_release','own_source','frozen_source'])
    def test_collection_mutation_blocks_publication(queue,tmp_path,monkeypatch,when,target):
        # Source-race tests inject hash changes; never touch frozen source bytes.
        root,cohort,amendment,release=queue;output=tmp_path/'published.json';changed=False
        original_sha=M.sha
        def mutate():
            nonlocal changed
            if changed:return
            changed=True
            if target=='row':
                p=root/'jobs/base_seed2/full_rollout_test/trajectory_000000_base.json';p.write_bytes(p.read_bytes()+b' ')
            if target=='new_file':(root/'late.txt').write_text('late')
            if target=='new_directory':(root/'late_empty').mkdir()
            if target=='amendment':amendment.write_text('mutated')
            if target=='root_release':release.write_bytes(release.read_bytes()+b' ')
            if target in ('own_source','frozen_source'):
                name=Path(M.__file__) if target=='own_source' else HERE/'summarize_goop_graph_support_quota_v2.py'
                monkeypatch.setattr(M,'sha',lambda p:'0'*64 if Path(p)==name else original_sha(p))
        if when=='during_parse':
            original=M.json_snapshot
            def intercept(path,expected=None):
                value=original(path,expected)
                if str(path).endswith('trajectory_000000_base.json'):mutate()
                return value
            monkeypatch.setattr(M,'json_snapshot',intercept)
        if when=='during_aggregation':
            original=M.validate_rollout
            def intercept(*a):
                result=original(*a);mutate();return result
            monkeypatch.setattr(M,'validate_rollout',intercept)
        if when=='during_serialization':
            original=M.encode
            def intercept(value):
                raw=original(value);mutate();return raw
            monkeypatch.setattr(M,'encode',intercept)
>       with pytest.raises(ValueError):M.publish(output,M.collect(*queue))
                                                        ^^^^^^^^^^^^^^^^^

work/deadline_research_20261005/cuda_preparation/test_summarize_goop_graph_support_scoped_v3.py:185: 
_ _ _ _ _ _ _ _ _ _ _ _ _ _ _ _ _ _ _ _ _ _ _ _ _ _ _ _ _ _ _ _ _ _ _ _ _ _ _ _ 
work/deadline_research_20261005/cuda_preparation/summarize_goop_graph_support_scoped_v3.py:286: in collect
    result = saved_json(directory / 'result.json')
             ^^^^^^^^^^^^^^^^^^^^^^^^^^^^^^^^^^^^^
work/deadline_research_20261005/cuda_preparation/summarize_goop_graph_support_scoped_v3.py:206: in saved_json
    def saved_json(path): return json_snapshot(path, saved_sha(path))[0]
                                                     ^^^^^^^^^^^^^^^
_ _ _ _ _ _ _ _ _ _ _ _ _ _ _ _ _ _ _ _ _ _ _ _ _ _ _ _ _ _ _ _ _ _ _ _ _ _ _ _ 

path = PosixPath('/private/var/folders/b6/8nb2r9dn3cdc1_4r9xhqdzlc0000gp/T/pytest-of-aiden.zhou/pytest-292/test_collection_mutation_block2/queue/jobs/base_seed2/full_rollout_test/result.json')

    def saved_sha(path):
>       name = str(Path(path).relative_to(root)); require(name in snapshot['files'], 'Output absent from initial snapshot')
                                                                  ^^^^^^^^^^^^^^^^^
E       KeyError: 'files'

work/deadline_research_20261005/cuda_preparation/summarize_goop_graph_support_scoped_v3.py:204: KeyError
______ test_collection_mutation_blocks_publication[new_file-during_parse] ______

queue = (PosixPath('/private/var/folders/b6/8nb2r9dn3cdc1_4r9xhqdzlc0000gp/T/pytest-of-aiden.zhou/pytest-292/test_collection_m...r9dn3cdc1_4r9xhqdzlc0000gp/T/pytest-of-aiden.zhou/pytest-292/test_collection_mutation_block3/collection_release.json'))
tmp_path = PosixPath('/private/var/folders/b6/8nb2r9dn3cdc1_4r9xhqdzlc0000gp/T/pytest-of-aiden.zhou/pytest-292/test_collection_mutation_block3')
monkeypatch = <_pytest.monkeypatch.MonkeyPatch object at 0x1077dc260>
when = 'during_parse', target = 'new_file'

    @pytest.mark.parametrize('when',['during_parse','during_aggregation','during_serialization'])
    @pytest.mark.parametrize('target',['row','new_file','new_directory','amendment','root_release','own_source','frozen_source'])
    def test_collection_mutation_blocks_publication(queue,tmp_path,monkeypatch,when,target):
        # Source-race tests inject hash changes; never touch frozen source bytes.
        root,cohort,amendment,release=queue;output=tmp_path/'published.json';changed=False
        original_sha=M.sha
        def mutate():
            nonlocal changed
            if changed:return
            changed=True
            if target=='row':
                p=root/'jobs/base_seed2/full_rollout_test/trajectory_000000_base.json';p.write_bytes(p.read_bytes()+b' ')
            if target=='new_file':(root/'late.txt').write_text('late')
            if target=='new_directory':(root/'late_empty').mkdir()
            if target=='amendment':amendment.write_text('mutated')
            if target=='root_release':release.write_bytes(release.read_bytes()+b' ')
            if target in ('own_source','frozen_source'):
                name=Path(M.__file__) if target=='own_source' else HERE/'summarize_goop_graph_support_quota_v2.py'
                monkeypatch.setattr(M,'sha',lambda p:'0'*64 if Path(p)==name else original_sha(p))
        if when=='during_parse':
            original=M.json_snapshot
            def intercept(path,expected=None):
                value=original(path,expected)
                if str(path).endswith('trajectory_000000_base.json'):mutate()
                return value
            monkeypatch.setattr(M,'json_snapshot',intercept)
        if when=='during_aggregation':
            original=M.validate_rollout
            def intercept(*a):
                result=original(*a);mutate();return result
            monkeypatch.setattr(M,'validate_rollout',intercept)
        if when=='during_serialization':
            original=M.encode
            def intercept(value):
                raw=original(value);mutate();return raw
            monkeypatch.setattr(M,'encode',intercept)
>       with pytest.raises(ValueError):M.publish(output,M.collect(*queue))
                                                        ^^^^^^^^^^^^^^^^^

work/deadline_research_20261005/cuda_preparation/test_summarize_goop_graph_support_scoped_v3.py:185: 
_ _ _ _ _ _ _ _ _ _ _ _ _ _ _ _ _ _ _ _ _ _ _ _ _ _ _ _ _ _ _ _ _ _ _ _ _ _ _ _ 
work/deadline_research_20261005/cuda_preparation/summarize_goop_graph_support_scoped_v3.py:286: in collect
    result = saved_json(directory / 'result.json')
             ^^^^^^^^^^^^^^^^^^^^^^^^^^^^^^^^^^^^^
work/deadline_research_20261005/cuda_preparation/summarize_goop_graph_support_scoped_v3.py:206: in saved_json
    def saved_json(path): return json_snapshot(path, saved_sha(path))[0]
                                                     ^^^^^^^^^^^^^^^
_ _ _ _ _ _ _ _ _ _ _ _ _ _ _ _ _ _ _ _ _ _ _ _ _ _ _ _ _ _ _ _ _ _ _ _ _ _ _ _ 

path = PosixPath('/private/var/folders/b6/8nb2r9dn3cdc1_4r9xhqdzlc0000gp/T/pytest-of-aiden.zhou/pytest-292/test_collection_mutation_block3/queue/jobs/base_seed2/full_rollout_test/result.json')

    def saved_sha(path):
>       name = str(Path(path).relative_to(root)); require(name in snapshot['files'], 'Output absent from initial snapshot')
                                                                  ^^^^^^^^^^^^^^^^^
E       KeyError: 'files'

work/deadline_research_20261005/cuda_preparation/summarize_goop_graph_support_scoped_v3.py:204: KeyError
___ test_collection_mutation_blocks_publication[new_file-during_aggregation] ___

queue = (PosixPath('/private/var/folders/b6/8nb2r9dn3cdc1_4r9xhqdzlc0000gp/T/pytest-of-aiden.zhou/pytest-292/test_collection_m...r9dn3cdc1_4r9xhqdzlc0000gp/T/pytest-of-aiden.zhou/pytest-292/test_collection_mutation_block4/collection_release.json'))
tmp_path = PosixPath('/private/var/folders/b6/8nb2r9dn3cdc1_4r9xhqdzlc0000gp/T/pytest-of-aiden.zhou/pytest-292/test_collection_mutation_block4')
monkeypatch = <_pytest.monkeypatch.MonkeyPatch object at 0x1076915e0>
when = 'during_aggregation', target = 'new_file'

    @pytest.mark.parametrize('when',['during_parse','during_aggregation','during_serialization'])
    @pytest.mark.parametrize('target',['row','new_file','new_directory','amendment','root_release','own_source','frozen_source'])
    def test_collection_mutation_blocks_publication(queue,tmp_path,monkeypatch,when,target):
        # Source-race tests inject hash changes; never touch frozen source bytes.
        root,cohort,amendment,release=queue;output=tmp_path/'published.json';changed=False
        original_sha=M.sha
        def mutate():
            nonlocal changed
            if changed:return
            changed=True
            if target=='row':
                p=root/'jobs/base_seed2/full_rollout_test/trajectory_000000_base.json';p.write_bytes(p.read_bytes()+b' ')
            if target=='new_file':(root/'late.txt').write_text('late')
            if target=='new_directory':(root/'late_empty').mkdir()
            if target=='amendment':amendment.write_text('mutated')
            if target=='root_release':release.write_bytes(release.read_bytes()+b' ')
            if target in ('own_source','frozen_source'):
                name=Path(M.__file__) if target=='own_source' else HERE/'summarize_goop_graph_support_quota_v2.py'
                monkeypatch.setattr(M,'sha',lambda p:'0'*64 if Path(p)==name else original_sha(p))
        if when=='during_parse':
            original=M.json_snapshot
            def intercept(path,expected=None):
                value=original(path,expected)
                if str(path).endswith('trajectory_000000_base.json'):mutate()
                return value
            monkeypatch.setattr(M,'json_snapshot',intercept)
        if when=='during_aggregation':
            original=M.validate_rollout
            def intercept(*a):
                result=original(*a);mutate();return result
            monkeypatch.setattr(M,'validate_rollout',intercept)
        if when=='during_serialization':
            original=M.encode
            def intercept(value):
                raw=original(value);mutate();return raw
            monkeypatch.setattr(M,'encode',intercept)
>       with pytest.raises(ValueError):M.publish(output,M.collect(*queue))
                                                        ^^^^^^^^^^^^^^^^^

work/deadline_research_20261005/cuda_preparation/test_summarize_goop_graph_support_scoped_v3.py:185: 
_ _ _ _ _ _ _ _ _ _ _ _ _ _ _ _ _ _ _ _ _ _ _ _ _ _ _ _ _ _ _ _ _ _ _ _ _ _ _ _ 
work/deadline_research_20261005/cuda_preparation/summarize_goop_graph_support_scoped_v3.py:286: in collect
    result = saved_json(directory / 'result.json')
             ^^^^^^^^^^^^^^^^^^^^^^^^^^^^^^^^^^^^^
work/deadline_research_20261005/cuda_preparation/summarize_goop_graph_support_scoped_v3.py:206: in saved_json
    def saved_json(path): return json_snapshot(path, saved_sha(path))[0]
                                                     ^^^^^^^^^^^^^^^
_ _ _ _ _ _ _ _ _ _ _ _ _ _ _ _ _ _ _ _ _ _ _ _ _ _ _ _ _ _ _ _ _ _ _ _ _ _ _ _ 

path = PosixPath('/private/var/folders/b6/8nb2r9dn3cdc1_4r9xhqdzlc0000gp/T/pytest-of-aiden.zhou/pytest-292/test_collection_mutation_block4/queue/jobs/base_seed2/full_rollout_test/result.json')

    def saved_sha(path):
>       name = str(Path(path).relative_to(root)); require(name in snapshot['files'], 'Output absent from initial snapshot')
                                                                  ^^^^^^^^^^^^^^^^^
E       KeyError: 'files'

work/deadline_research_20261005/cuda_preparation/summarize_goop_graph_support_scoped_v3.py:204: KeyError
__ test_collection_mutation_blocks_publication[new_file-during_serialization] __

queue = (PosixPath('/private/var/folders/b6/8nb2r9dn3cdc1_4r9xhqdzlc0000gp/T/pytest-of-aiden.zhou/pytest-292/test_collection_m...r9dn3cdc1_4r9xhqdzlc0000gp/T/pytest-of-aiden.zhou/pytest-292/test_collection_mutation_block5/collection_release.json'))
tmp_path = PosixPath('/private/var/folders/b6/8nb2r9dn3cdc1_4r9xhqdzlc0000gp/T/pytest-of-aiden.zhou/pytest-292/test_collection_mutation_block5')
monkeypatch = <_pytest.monkeypatch.MonkeyPatch object at 0x107604170>
when = 'during_serialization', target = 'new_file'

    @pytest.mark.parametrize('when',['during_parse','during_aggregation','during_serialization'])
    @pytest.mark.parametrize('target',['row','new_file','new_directory','amendment','root_release','own_source','frozen_source'])
    def test_collection_mutation_blocks_publication(queue,tmp_path,monkeypatch,when,target):
        # Source-race tests inject hash changes; never touch frozen source bytes.
        root,cohort,amendment,release=queue;output=tmp_path/'published.json';changed=False
        original_sha=M.sha
        def mutate():
            nonlocal changed
            if changed:return
            changed=True
            if target=='row':
                p=root/'jobs/base_seed2/full_rollout_test/trajectory_000000_base.json';p.write_bytes(p.read_bytes()+b' ')
            if target=='new_file':(root/'late.txt').write_text('late')
            if target=='new_directory':(root/'late_empty').mkdir()
            if target=='amendment':amendment.write_text('mutated')
            if target=='root_release':release.write_bytes(release.read_bytes()+b' ')
            if target in ('own_source','frozen_source'):
                name=Path(M.__file__) if target=='own_source' else HERE/'summarize_goop_graph_support_quota_v2.py'
                monkeypatch.setattr(M,'sha',lambda p:'0'*64 if Path(p)==name else original_sha(p))
        if when=='during_parse':
            original=M.json_snapshot
            def intercept(path,expected=None):
                value=original(path,expected)
                if str(path).endswith('trajectory_000000_base.json'):mutate()
                return value
            monkeypatch.setattr(M,'json_snapshot',intercept)
        if when=='during_aggregation':
            original=M.validate_rollout
            def intercept(*a):
                result=original(*a);mutate();return result
            monkeypatch.setattr(M,'validate_rollout',intercept)
        if when=='during_serialization':
            original=M.encode
            def intercept(value):
                raw=original(value);mutate();return raw
            monkeypatch.setattr(M,'encode',intercept)
>       with pytest.raises(ValueError):M.publish(output,M.collect(*queue))
                                                        ^^^^^^^^^^^^^^^^^

work/deadline_research_20261005/cuda_preparation/test_summarize_goop_graph_support_scoped_v3.py:185: 
_ _ _ _ _ _ _ _ _ _ _ _ _ _ _ _ _ _ _ _ _ _ _ _ _ _ _ _ _ _ _ _ _ _ _ _ _ _ _ _ 
work/deadline_research_20261005/cuda_preparation/summarize_goop_graph_support_scoped_v3.py:286: in collect
    result = saved_json(directory / 'result.json')
             ^^^^^^^^^^^^^^^^^^^^^^^^^^^^^^^^^^^^^
work/deadline_research_20261005/cuda_preparation/summarize_goop_graph_support_scoped_v3.py:206: in saved_json
    def saved_json(path): return json_snapshot(path, saved_sha(path))[0]
                                                     ^^^^^^^^^^^^^^^
_ _ _ _ _ _ _ _ _ _ _ _ _ _ _ _ _ _ _ _ _ _ _ _ _ _ _ _ _ _ _ _ _ _ _ _ _ _ _ _ 

path = PosixPath('/private/var/folders/b6/8nb2r9dn3cdc1_4r9xhqdzlc0000gp/T/pytest-of-aiden.zhou/pytest-292/test_collection_mutation_block5/queue/jobs/base_seed2/full_rollout_test/result.json')

    def saved_sha(path):
>       name = str(Path(path).relative_to(root)); require(name in snapshot['files'], 'Output absent from initial snapshot')
                                                                  ^^^^^^^^^^^^^^^^^
E       KeyError: 'files'

work/deadline_research_20261005/cuda_preparation/summarize_goop_graph_support_scoped_v3.py:204: KeyError
___ test_collection_mutation_blocks_publication[new_directory-during_parse] ____

queue = (PosixPath('/private/var/folders/b6/8nb2r9dn3cdc1_4r9xhqdzlc0000gp/T/pytest-of-aiden.zhou/pytest-292/test_collection_m...r9dn3cdc1_4r9xhqdzlc0000gp/T/pytest-of-aiden.zhou/pytest-292/test_collection_mutation_block6/collection_release.json'))
tmp_path = PosixPath('/private/var/folders/b6/8nb2r9dn3cdc1_4r9xhqdzlc0000gp/T/pytest-of-aiden.zhou/pytest-292/test_collection_mutation_block6')
monkeypatch = <_pytest.monkeypatch.MonkeyPatch object at 0x107589640>
when = 'during_parse', target = 'new_directory'

    @pytest.mark.parametrize('when',['during_parse','during_aggregation','during_serialization'])
    @pytest.mark.parametrize('target',['row','new_file','new_directory','amendment','root_release','own_source','frozen_source'])
    def test_collection_mutation_blocks_publication(queue,tmp_path,monkeypatch,when,target):
        # Source-race tests inject hash changes; never touch frozen source bytes.
        root,cohort,amendment,release=queue;output=tmp_path/'published.json';changed=False
        original_sha=M.sha
        def mutate():
            nonlocal changed
            if changed:return
            changed=True
            if target=='row':
                p=root/'jobs/base_seed2/full_rollout_test/trajectory_000000_base.json';p.write_bytes(p.read_bytes()+b' ')
            if target=='new_file':(root/'late.txt').write_text('late')
            if target=='new_directory':(root/'late_empty').mkdir()
            if target=='amendment':amendment.write_text('mutated')
            if target=='root_release':release.write_bytes(release.read_bytes()+b' ')
            if target in ('own_source','frozen_source'):
                name=Path(M.__file__) if target=='own_source' else HERE/'summarize_goop_graph_support_quota_v2.py'
                monkeypatch.setattr(M,'sha',lambda p:'0'*64 if Path(p)==name else original_sha(p))
        if when=='during_parse':
            original=M.json_snapshot
            def intercept(path,expected=None):
                value=original(path,expected)
                if str(path).endswith('trajectory_000000_base.json'):mutate()
                return value
            monkeypatch.setattr(M,'json_snapshot',intercept)
        if when=='during_aggregation':
            original=M.validate_rollout
            def intercept(*a):
                result=original(*a);mutate();return result
            monkeypatch.setattr(M,'validate_rollout',intercept)
        if when=='during_serialization':
            original=M.encode
            def intercept(value):
                raw=original(value);mutate();return raw
            monkeypatch.setattr(M,'encode',intercept)
>       with pytest.raises(ValueError):M.publish(output,M.collect(*queue))
                                                        ^^^^^^^^^^^^^^^^^

work/deadline_research_20261005/cuda_preparation/test_summarize_goop_graph_support_scoped_v3.py:185: 
_ _ _ _ _ _ _ _ _ _ _ _ _ _ _ _ _ _ _ _ _ _ _ _ _ _ _ _ _ _ _ _ _ _ _ _ _ _ _ _ 
work/deadline_research_20261005/cuda_preparation/summarize_goop_graph_support_scoped_v3.py:286: in collect
    result = saved_json(directory / 'result.json')
             ^^^^^^^^^^^^^^^^^^^^^^^^^^^^^^^^^^^^^
work/deadline_research_20261005/cuda_preparation/summarize_goop_graph_support_scoped_v3.py:206: in saved_json
    def saved_json(path): return json_snapshot(path, saved_sha(path))[0]
                                                     ^^^^^^^^^^^^^^^
_ _ _ _ _ _ _ _ _ _ _ _ _ _ _ _ _ _ _ _ _ _ _ _ _ _ _ _ _ _ _ _ _ _ _ _ _ _ _ _ 

path = PosixPath('/private/var/folders/b6/8nb2r9dn3cdc1_4r9xhqdzlc0000gp/T/pytest-of-aiden.zhou/pytest-292/test_collection_mutation_block6/queue/jobs/base_seed2/full_rollout_test/result.json')

    def saved_sha(path):
>       name = str(Path(path).relative_to(root)); require(name in snapshot['files'], 'Output absent from initial snapshot')
                                                                  ^^^^^^^^^^^^^^^^^
E       KeyError: 'files'

work/deadline_research_20261005/cuda_preparation/summarize_goop_graph_support_scoped_v3.py:204: KeyError
_ test_collection_mutation_blocks_publication[new_directory-during_aggregation] _

queue = (PosixPath('/private/var/folders/b6/8nb2r9dn3cdc1_4r9xhqdzlc0000gp/T/pytest-of-aiden.zhou/pytest-292/test_collection_m...r9dn3cdc1_4r9xhqdzlc0000gp/T/pytest-of-aiden.zhou/pytest-292/test_collection_mutation_block7/collection_release.json'))
tmp_path = PosixPath('/private/var/folders/b6/8nb2r9dn3cdc1_4r9xhqdzlc0000gp/T/pytest-of-aiden.zhou/pytest-292/test_collection_mutation_block7')
monkeypatch = <_pytest.monkeypatch.MonkeyPatch object at 0x107766a80>
when = 'during_aggregation', target = 'new_directory'

    @pytest.mark.parametrize('when',['during_parse','during_aggregation','during_serialization'])
    @pytest.mark.parametrize('target',['row','new_file','new_directory','amendment','root_release','own_source','frozen_source'])
    def test_collection_mutation_blocks_publication(queue,tmp_path,monkeypatch,when,target):
        # Source-race tests inject hash changes; never touch frozen source bytes.
        root,cohort,amendment,release=queue;output=tmp_path/'published.json';changed=False
        original_sha=M.sha
        def mutate():
            nonlocal changed
            if changed:return
            changed=True
            if target=='row':
                p=root/'jobs/base_seed2/full_rollout_test/trajectory_000000_base.json';p.write_bytes(p.read_bytes()+b' ')
            if target=='new_file':(root/'late.txt').write_text('late')
            if target=='new_directory':(root/'late_empty').mkdir()
            if target=='amendment':amendment.write_text('mutated')
            if target=='root_release':release.write_bytes(release.read_bytes()+b' ')
            if target in ('own_source','frozen_source'):
                name=Path(M.__file__) if target=='own_source' else HERE/'summarize_goop_graph_support_quota_v2.py'
                monkeypatch.setattr(M,'sha',lambda p:'0'*64 if Path(p)==name else original_sha(p))
        if when=='during_parse':
            original=M.json_snapshot
            def intercept(path,expected=None):
                value=original(path,expected)
                if str(path).endswith('trajectory_000000_base.json'):mutate()
                return value
            monkeypatch.setattr(M,'json_snapshot',intercept)
        if when=='during_aggregation':
            original=M.validate_rollout
            def intercept(*a):
                result=original(*a);mutate();return result
            monkeypatch.setattr(M,'validate_rollout',intercept)
        if when=='during_serialization':
            original=M.encode
            def intercept(value):
                raw=original(value);mutate();return raw
            monkeypatch.setattr(M,'encode',intercept)
>       with pytest.raises(ValueError):M.publish(output,M.collect(*queue))
                                                        ^^^^^^^^^^^^^^^^^

work/deadline_research_20261005/cuda_preparation/test_summarize_goop_graph_support_scoped_v3.py:185: 
_ _ _ _ _ _ _ _ _ _ _ _ _ _ _ _ _ _ _ _ _ _ _ _ _ _ _ _ _ _ _ _ _ _ _ _ _ _ _ _ 
work/deadline_research_20261005/cuda_preparation/summarize_goop_graph_support_scoped_v3.py:286: in collect
    result = saved_json(directory / 'result.json')
             ^^^^^^^^^^^^^^^^^^^^^^^^^^^^^^^^^^^^^
work/deadline_research_20261005/cuda_preparation/summarize_goop_graph_support_scoped_v3.py:206: in saved_json
    def saved_json(path): return json_snapshot(path, saved_sha(path))[0]
                                                     ^^^^^^^^^^^^^^^
_ _ _ _ _ _ _ _ _ _ _ _ _ _ _ _ _ _ _ _ _ _ _ _ _ _ _ _ _ _ _ _ _ _ _ _ _ _ _ _ 

path = PosixPath('/private/var/folders/b6/8nb2r9dn3cdc1_4r9xhqdzlc0000gp/T/pytest-of-aiden.zhou/pytest-292/test_collection_mutation_block7/queue/jobs/base_seed2/full_rollout_test/result.json')

    def saved_sha(path):
>       name = str(Path(path).relative_to(root)); require(name in snapshot['files'], 'Output absent from initial snapshot')
                                                                  ^^^^^^^^^^^^^^^^^
E       KeyError: 'files'

work/deadline_research_20261005/cuda_preparation/summarize_goop_graph_support_scoped_v3.py:204: KeyError
_ test_collection_mutation_blocks_publication[new_directory-during_serialization] _

queue = (PosixPath('/private/var/folders/b6/8nb2r9dn3cdc1_4r9xhqdzlc0000gp/T/pytest-of-aiden.zhou/pytest-292/test_collection_m...r9dn3cdc1_4r9xhqdzlc0000gp/T/pytest-of-aiden.zhou/pytest-292/test_collection_mutation_block8/collection_release.json'))
tmp_path = PosixPath('/private/var/folders/b6/8nb2r9dn3cdc1_4r9xhqdzlc0000gp/T/pytest-of-aiden.zhou/pytest-292/test_collection_mutation_block8')
monkeypatch = <_pytest.monkeypatch.MonkeyPatch object at 0x10768dac0>
when = 'during_serialization', target = 'new_directory'

    @pytest.mark.parametrize('when',['during_parse','during_aggregation','during_serialization'])
    @pytest.mark.parametrize('target',['row','new_file','new_directory','amendment','root_release','own_source','frozen_source'])
    def test_collection_mutation_blocks_publication(queue,tmp_path,monkeypatch,when,target):
        # Source-race tests inject hash changes; never touch frozen source bytes.
        root,cohort,amendment,release=queue;output=tmp_path/'published.json';changed=False
        original_sha=M.sha
        def mutate():
            nonlocal changed
            if changed:return
            changed=True
            if target=='row':
                p=root/'jobs/base_seed2/full_rollout_test/trajectory_000000_base.json';p.write_bytes(p.read_bytes()+b' ')
            if target=='new_file':(root/'late.txt').write_text('late')
            if target=='new_directory':(root/'late_empty').mkdir()
            if target=='amendment':amendment.write_text('mutated')
            if target=='root_release':release.write_bytes(release.read_bytes()+b' ')
            if target in ('own_source','frozen_source'):
                name=Path(M.__file__) if target=='own_source' else HERE/'summarize_goop_graph_support_quota_v2.py'
                monkeypatch.setattr(M,'sha',lambda p:'0'*64 if Path(p)==name else original_sha(p))
        if when=='during_parse':
            original=M.json_snapshot
            def intercept(path,expected=None):
                value=original(path,expected)
                if str(path).endswith('trajectory_000000_base.json'):mutate()
                return value
            monkeypatch.setattr(M,'json_snapshot',intercept)
        if when=='during_aggregation':
            original=M.validate_rollout
            def intercept(*a):
                result=original(*a);mutate();return result
            monkeypatch.setattr(M,'validate_rollout',intercept)
        if when=='during_serialization':
            original=M.encode
            def intercept(value):
                raw=original(value);mutate();return raw
            monkeypatch.setattr(M,'encode',intercept)
>       with pytest.raises(ValueError):M.publish(output,M.collect(*queue))
                                                        ^^^^^^^^^^^^^^^^^

work/deadline_research_20261005/cuda_preparation/test_summarize_goop_graph_support_scoped_v3.py:185: 
_ _ _ _ _ _ _ _ _ _ _ _ _ _ _ _ _ _ _ _ _ _ _ _ _ _ _ _ _ _ _ _ _ _ _ _ _ _ _ _ 
work/deadline_research_20261005/cuda_preparation/summarize_goop_graph_support_scoped_v3.py:286: in collect
    result = saved_json(directory / 'result.json')
             ^^^^^^^^^^^^^^^^^^^^^^^^^^^^^^^^^^^^^
work/deadline_research_20261005/cuda_preparation/summarize_goop_graph_support_scoped_v3.py:206: in saved_json
    def saved_json(path): return json_snapshot(path, saved_sha(path))[0]
                                                     ^^^^^^^^^^^^^^^
_ _ _ _ _ _ _ _ _ _ _ _ _ _ _ _ _ _ _ _ _ _ _ _ _ _ _ _ _ _ _ _ _ _ _ _ _ _ _ _ 

path = PosixPath('/private/var/folders/b6/8nb2r9dn3cdc1_4r9xhqdzlc0000gp/T/pytest-of-aiden.zhou/pytest-292/test_collection_mutation_block8/queue/jobs/base_seed2/full_rollout_test/result.json')

    def saved_sha(path):
>       name = str(Path(path).relative_to(root)); require(name in snapshot['files'], 'Output absent from initial snapshot')
                                                                  ^^^^^^^^^^^^^^^^^
E       KeyError: 'files'

work/deadline_research_20261005/cuda_preparation/summarize_goop_graph_support_scoped_v3.py:204: KeyError
_____ test_collection_mutation_blocks_publication[amendment-during_parse] ______

queue = (PosixPath('/private/var/folders/b6/8nb2r9dn3cdc1_4r9xhqdzlc0000gp/T/pytest-of-aiden.zhou/pytest-292/test_collection_m...r9dn3cdc1_4r9xhqdzlc0000gp/T/pytest-of-aiden.zhou/pytest-292/test_collection_mutation_block9/collection_release.json'))
tmp_path = PosixPath('/private/var/folders/b6/8nb2r9dn3cdc1_4r9xhqdzlc0000gp/T/pytest-of-aiden.zhou/pytest-292/test_collection_mutation_block9')
monkeypatch = <_pytest.monkeypatch.MonkeyPatch object at 0x10768c9e0>
when = 'during_parse', target = 'amendment'

    @pytest.mark.parametrize('when',['during_parse','during_aggregation','during_serialization'])
    @pytest.mark.parametrize('target',['row','new_file','new_directory','amendment','root_release','own_source','frozen_source'])
    def test_collection_mutation_blocks_publication(queue,tmp_path,monkeypatch,when,target):
        # Source-race tests inject hash changes; never touch frozen source bytes.
        root,cohort,amendment,release=queue;output=tmp_path/'published.json';changed=False
        original_sha=M.sha
        def mutate():
            nonlocal changed
            if changed:return
            changed=True
            if target=='row':
                p=root/'jobs/base_seed2/full_rollout_test/trajectory_000000_base.json';p.write_bytes(p.read_bytes()+b' ')
            if target=='new_file':(root/'late.txt').write_text('late')
            if target=='new_directory':(root/'late_empty').mkdir()
            if target=='amendment':amendment.write_text('mutated')
            if target=='root_release':release.write_bytes(release.read_bytes()+b' ')
            if target in ('own_source','frozen_source'):
                name=Path(M.__file__) if target=='own_source' else HERE/'summarize_goop_graph_support_quota_v2.py'
                monkeypatch.setattr(M,'sha',lambda p:'0'*64 if Path(p)==name else original_sha(p))
        if when=='during_parse':
            original=M.json_snapshot
            def intercept(path,expected=None):
                value=original(path,expected)
                if str(path).endswith('trajectory_000000_base.json'):mutate()
                return value
            monkeypatch.setattr(M,'json_snapshot',intercept)
        if when=='during_aggregation':
            original=M.validate_rollout
            def intercept(*a):
                result=original(*a);mutate();return result
            monkeypatch.setattr(M,'validate_rollout',intercept)
        if when=='during_serialization':
            original=M.encode
            def intercept(value):
                raw=original(value);mutate();return raw
            monkeypatch.setattr(M,'encode',intercept)
>       with pytest.raises(ValueError):M.publish(output,M.collect(*queue))
                                                        ^^^^^^^^^^^^^^^^^

work/deadline_research_20261005/cuda_preparation/test_summarize_goop_graph_support_scoped_v3.py:185: 
_ _ _ _ _ _ _ _ _ _ _ _ _ _ _ _ _ _ _ _ _ _ _ _ _ _ _ _ _ _ _ _ _ _ _ _ _ _ _ _ 
work/deadline_research_20261005/cuda_preparation/summarize_goop_graph_support_scoped_v3.py:286: in collect
    result = saved_json(directory / 'result.json')
             ^^^^^^^^^^^^^^^^^^^^^^^^^^^^^^^^^^^^^
work/deadline_research_20261005/cuda_preparation/summarize_goop_graph_support_scoped_v3.py:206: in saved_json
    def saved_json(path): return json_snapshot(path, saved_sha(path))[0]
                                                     ^^^^^^^^^^^^^^^
_ _ _ _ _ _ _ _ _ _ _ _ _ _ _ _ _ _ _ _ _ _ _ _ _ _ _ _ _ _ _ _ _ _ _ _ _ _ _ _ 

path = PosixPath('/private/var/folders/b6/8nb2r9dn3cdc1_4r9xhqdzlc0000gp/T/pytest-of-aiden.zhou/pytest-292/test_collection_mutation_block9/queue/jobs/base_seed2/full_rollout_test/result.json')

    def saved_sha(path):
>       name = str(Path(path).relative_to(root)); require(name in snapshot['files'], 'Output absent from initial snapshot')
                                                                  ^^^^^^^^^^^^^^^^^
E       KeyError: 'files'

work/deadline_research_20261005/cuda_preparation/summarize_goop_graph_support_scoped_v3.py:204: KeyError
__ test_collection_mutation_blocks_publication[amendment-during_aggregation] ___

queue = (PosixPath('/private/var/folders/b6/8nb2r9dn3cdc1_4r9xhqdzlc0000gp/T/pytest-of-aiden.zhou/pytest-292/test_collection_m...9dn3cdc1_4r9xhqdzlc0000gp/T/pytest-of-aiden.zhou/pytest-292/test_collection_mutation_block10/collection_release.json'))
tmp_path = PosixPath('/private/var/folders/b6/8nb2r9dn3cdc1_4r9xhqdzlc0000gp/T/pytest-of-aiden.zhou/pytest-292/test_collection_mutation_block10')
monkeypatch = <_pytest.monkeypatch.MonkeyPatch object at 0x1078124b0>
when = 'during_aggregation', target = 'amendment'

    @pytest.mark.parametrize('when',['during_parse','during_aggregation','during_serialization'])
    @pytest.mark.parametrize('target',['row','new_file','new_directory','amendment','root_release','own_source','frozen_source'])
    def test_collection_mutation_blocks_publication(queue,tmp_path,monkeypatch,when,target):
        # Source-race tests inject hash changes; never touch frozen source bytes.
        root,cohort,amendment,release=queue;output=tmp_path/'published.json';changed=False
        original_sha=M.sha
        def mutate():
            nonlocal changed
            if changed:return
            changed=True
            if target=='row':
                p=root/'jobs/base_seed2/full_rollout_test/trajectory_000000_base.json';p.write_bytes(p.read_bytes()+b' ')
            if target=='new_file':(root/'late.txt').write_text('late')
            if target=='new_directory':(root/'late_empty').mkdir()
            if target=='amendment':amendment.write_text('mutated')
            if target=='root_release':release.write_bytes(release.read_bytes()+b' ')
            if target in ('own_source','frozen_source'):
                name=Path(M.__file__) if target=='own_source' else HERE/'summarize_goop_graph_support_quota_v2.py'
                monkeypatch.setattr(M,'sha',lambda p:'0'*64 if Path(p)==name else original_sha(p))
        if when=='during_parse':
            original=M.json_snapshot
            def intercept(path,expected=None):
                value=original(path,expected)
                if str(path).endswith('trajectory_000000_base.json'):mutate()
                return value
            monkeypatch.setattr(M,'json_snapshot',intercept)
        if when=='during_aggregation':
            original=M.validate_rollout
            def intercept(*a):
                result=original(*a);mutate();return result
            monkeypatch.setattr(M,'validate_rollout',intercept)
        if when=='during_serialization':
            original=M.encode
            def intercept(value):
                raw=original(value);mutate();return raw
            monkeypatch.setattr(M,'encode',intercept)
>       with pytest.raises(ValueError):M.publish(output,M.collect(*queue))
                                                        ^^^^^^^^^^^^^^^^^

work/deadline_research_20261005/cuda_preparation/test_summarize_goop_graph_support_scoped_v3.py:185: 
_ _ _ _ _ _ _ _ _ _ _ _ _ _ _ _ _ _ _ _ _ _ _ _ _ _ _ _ _ _ _ _ _ _ _ _ _ _ _ _ 
work/deadline_research_20261005/cuda_preparation/summarize_goop_graph_support_scoped_v3.py:286: in collect
    result = saved_json(directory / 'result.json')
             ^^^^^^^^^^^^^^^^^^^^^^^^^^^^^^^^^^^^^
work/deadline_research_20261005/cuda_preparation/summarize_goop_graph_support_scoped_v3.py:206: in saved_json
    def saved_json(path): return json_snapshot(path, saved_sha(path))[0]
                                                     ^^^^^^^^^^^^^^^
_ _ _ _ _ _ _ _ _ _ _ _ _ _ _ _ _ _ _ _ _ _ _ _ _ _ _ _ _ _ _ _ _ _ _ _ _ _ _ _ 

path = PosixPath('/private/var/folders/b6/8nb2r9dn3cdc1_4r9xhqdzlc0000gp/T/pytest-of-aiden.zhou/pytest-292/test_collection_mutation_block10/queue/jobs/base_seed2/full_rollout_test/result.json')

    def saved_sha(path):
>       name = str(Path(path).relative_to(root)); require(name in snapshot['files'], 'Output absent from initial snapshot')
                                                                  ^^^^^^^^^^^^^^^^^
E       KeyError: 'files'

work/deadline_research_20261005/cuda_preparation/summarize_goop_graph_support_scoped_v3.py:204: KeyError
_ test_collection_mutation_blocks_publication[amendment-during_serialization] __

queue = (PosixPath('/private/var/folders/b6/8nb2r9dn3cdc1_4r9xhqdzlc0000gp/T/pytest-of-aiden.zhou/pytest-292/test_collection_m...9dn3cdc1_4r9xhqdzlc0000gp/T/pytest-of-aiden.zhou/pytest-292/test_collection_mutation_block11/collection_release.json'))
tmp_path = PosixPath('/private/var/folders/b6/8nb2r9dn3cdc1_4r9xhqdzlc0000gp/T/pytest-of-aiden.zhou/pytest-292/test_collection_mutation_block11')
monkeypatch = <_pytest.monkeypatch.MonkeyPatch object at 0x107566450>
when = 'during_serialization', target = 'amendment'

    @pytest.mark.parametrize('when',['during_parse','during_aggregation','during_serialization'])
    @pytest.mark.parametrize('target',['row','new_file','new_directory','amendment','root_release','own_source','frozen_source'])
    def test_collection_mutation_blocks_publication(queue,tmp_path,monkeypatch,when,target):
        # Source-race tests inject hash changes; never touch frozen source bytes.
        root,cohort,amendment,release=queue;output=tmp_path/'published.json';changed=False
        original_sha=M.sha
        def mutate():
            nonlocal changed
            if changed:return
            changed=True
            if target=='row':
                p=root/'jobs/base_seed2/full_rollout_test/trajectory_000000_base.json';p.write_bytes(p.read_bytes()+b' ')
            if target=='new_file':(root/'late.txt').write_text('late')
            if target=='new_directory':(root/'late_empty').mkdir()
            if target=='amendment':amendment.write_text('mutated')
            if target=='root_release':release.write_bytes(release.read_bytes()+b' ')
            if target in ('own_source','frozen_source'):
                name=Path(M.__file__) if target=='own_source' else HERE/'summarize_goop_graph_support_quota_v2.py'
                monkeypatch.setattr(M,'sha',lambda p:'0'*64 if Path(p)==name else original_sha(p))
        if when=='during_parse':
            original=M.json_snapshot
            def intercept(path,expected=None):
                value=original(path,expected)
                if str(path).endswith('trajectory_000000_base.json'):mutate()
                return value
            monkeypatch.setattr(M,'json_snapshot',intercept)
        if when=='during_aggregation':
            original=M.validate_rollout
            def intercept(*a):
                result=original(*a);mutate();return result
            monkeypatch.setattr(M,'validate_rollout',intercept)
        if when=='during_serialization':
            original=M.encode
            def intercept(value):
                raw=original(value);mutate();return raw
            monkeypatch.setattr(M,'encode',intercept)
>       with pytest.raises(ValueError):M.publish(output,M.collect(*queue))
                                                        ^^^^^^^^^^^^^^^^^

work/deadline_research_20261005/cuda_preparation/test_summarize_goop_graph_support_scoped_v3.py:185: 
_ _ _ _ _ _ _ _ _ _ _ _ _ _ _ _ _ _ _ _ _ _ _ _ _ _ _ _ _ _ _ _ _ _ _ _ _ _ _ _ 
work/deadline_research_20261005/cuda_preparation/summarize_goop_graph_support_scoped_v3.py:286: in collect
    result = saved_json(directory / 'result.json')
             ^^^^^^^^^^^^^^^^^^^^^^^^^^^^^^^^^^^^^
work/deadline_research_20261005/cuda_preparation/summarize_goop_graph_support_scoped_v3.py:206: in saved_json
    def saved_json(path): return json_snapshot(path, saved_sha(path))[0]
                                                     ^^^^^^^^^^^^^^^
_ _ _ _ _ _ _ _ _ _ _ _ _ _ _ _ _ _ _ _ _ _ _ _ _ _ _ _ _ _ _ _ _ _ _ _ _ _ _ _ 

path = PosixPath('/private/var/folders/b6/8nb2r9dn3cdc1_4r9xhqdzlc0000gp/T/pytest-of-aiden.zhou/pytest-292/test_collection_mutation_block11/queue/jobs/base_seed2/full_rollout_test/result.json')

    def saved_sha(path):
>       name = str(Path(path).relative_to(root)); require(name in snapshot['files'], 'Output absent from initial snapshot')
                                                                  ^^^^^^^^^^^^^^^^^
E       KeyError: 'files'

work/deadline_research_20261005/cuda_preparation/summarize_goop_graph_support_scoped_v3.py:204: KeyError
____ test_collection_mutation_blocks_publication[root_release-during_parse] ____

queue = (PosixPath('/private/var/folders/b6/8nb2r9dn3cdc1_4r9xhqdzlc0000gp/T/pytest-of-aiden.zhou/pytest-292/test_collection_m...9dn3cdc1_4r9xhqdzlc0000gp/T/pytest-of-aiden.zhou/pytest-292/test_collection_mutation_block12/collection_release.json'))
tmp_path = PosixPath('/private/var/folders/b6/8nb2r9dn3cdc1_4r9xhqdzlc0000gp/T/pytest-of-aiden.zhou/pytest-292/test_collection_mutation_block12')
monkeypatch = <_pytest.monkeypatch.MonkeyPatch object at 0x107588890>
when = 'during_parse', target = 'root_release'

    @pytest.mark.parametrize('when',['during_parse','during_aggregation','during_serialization'])
    @pytest.mark.parametrize('target',['row','new_file','new_directory','amendment','root_release','own_source','frozen_source'])
    def test_collection_mutation_blocks_publication(queue,tmp_path,monkeypatch,when,target):
        # Source-race tests inject hash changes; never touch frozen source bytes.
        root,cohort,amendment,release=queue;output=tmp_path/'published.json';changed=False
        original_sha=M.sha
        def mutate():
            nonlocal changed
            if changed:return
            changed=True
            if target=='row':
                p=root/'jobs/base_seed2/full_rollout_test/trajectory_000000_base.json';p.write_bytes(p.read_bytes()+b' ')
            if target=='new_file':(root/'late.txt').write_text('late')
            if target=='new_directory':(root/'late_empty').mkdir()
            if target=='amendment':amendment.write_text('mutated')
            if target=='root_release':release.write_bytes(release.read_bytes()+b' ')
            if target in ('own_source','frozen_source'):
                name=Path(M.__file__) if target=='own_source' else HERE/'summarize_goop_graph_support_quota_v2.py'
                monkeypatch.setattr(M,'sha',lambda p:'0'*64 if Path(p)==name else original_sha(p))
        if when=='during_parse':
            original=M.json_snapshot
            def intercept(path,expected=None):
                value=original(path,expected)
                if str(path).endswith('trajectory_000000_base.json'):mutate()
                return value
            monkeypatch.setattr(M,'json_snapshot',intercept)
        if when=='during_aggregation':
            original=M.validate_rollout
            def intercept(*a):
                result=original(*a);mutate();return result
            monkeypatch.setattr(M,'validate_rollout',intercept)
        if when=='during_serialization':
            original=M.encode
            def intercept(value):
                raw=original(value);mutate();return raw
            monkeypatch.setattr(M,'encode',intercept)
>       with pytest.raises(ValueError):M.publish(output,M.collect(*queue))
                                                        ^^^^^^^^^^^^^^^^^

work/deadline_research_20261005/cuda_preparation/test_summarize_goop_graph_support_scoped_v3.py:185: 
_ _ _ _ _ _ _ _ _ _ _ _ _ _ _ _ _ _ _ _ _ _ _ _ _ _ _ _ _ _ _ _ _ _ _ _ _ _ _ _ 
work/deadline_research_20261005/cuda_preparation/summarize_goop_graph_support_scoped_v3.py:286: in collect
    result = saved_json(directory / 'result.json')
             ^^^^^^^^^^^^^^^^^^^^^^^^^^^^^^^^^^^^^
work/deadline_research_20261005/cuda_preparation/summarize_goop_graph_support_scoped_v3.py:206: in saved_json
    def saved_json(path): return json_snapshot(path, saved_sha(path))[0]
                                                     ^^^^^^^^^^^^^^^
_ _ _ _ _ _ _ _ _ _ _ _ _ _ _ _ _ _ _ _ _ _ _ _ _ _ _ _ _ _ _ _ _ _ _ _ _ _ _ _ 

path = PosixPath('/private/var/folders/b6/8nb2r9dn3cdc1_4r9xhqdzlc0000gp/T/pytest-of-aiden.zhou/pytest-292/test_collection_mutation_block12/queue/jobs/base_seed2/full_rollout_test/result.json')

    def saved_sha(path):
>       name = str(Path(path).relative_to(root)); require(name in snapshot['files'], 'Output absent from initial snapshot')
                                                                  ^^^^^^^^^^^^^^^^^
E       KeyError: 'files'

work/deadline_research_20261005/cuda_preparation/summarize_goop_graph_support_scoped_v3.py:204: KeyError
_ test_collection_mutation_blocks_publication[root_release-during_aggregation] _

queue = (PosixPath('/private/var/folders/b6/8nb2r9dn3cdc1_4r9xhqdzlc0000gp/T/pytest-of-aiden.zhou/pytest-292/test_collection_m...9dn3cdc1_4r9xhqdzlc0000gp/T/pytest-of-aiden.zhou/pytest-292/test_collection_mutation_block13/collection_release.json'))
tmp_path = PosixPath('/private/var/folders/b6/8nb2r9dn3cdc1_4r9xhqdzlc0000gp/T/pytest-of-aiden.zhou/pytest-292/test_collection_mutation_block13')
monkeypatch = <_pytest.monkeypatch.MonkeyPatch object at 0x10791cc20>
when = 'during_aggregation', target = 'root_release'

    @pytest.mark.parametrize('when',['during_parse','during_aggregation','during_serialization'])
    @pytest.mark.parametrize('target',['row','new_file','new_directory','amendment','root_release','own_source','frozen_source'])
    def test_collection_mutation_blocks_publication(queue,tmp_path,monkeypatch,when,target):
        # Source-race tests inject hash changes; never touch frozen source bytes.
        root,cohort,amendment,release=queue;output=tmp_path/'published.json';changed=False
        original_sha=M.sha
        def mutate():
            nonlocal changed
            if changed:return
            changed=True
            if target=='row':
                p=root/'jobs/base_seed2/full_rollout_test/trajectory_000000_base.json';p.write_bytes(p.read_bytes()+b' ')
            if target=='new_file':(root/'late.txt').write_text('late')
            if target=='new_directory':(root/'late_empty').mkdir()
            if target=='amendment':amendment.write_text('mutated')
            if target=='root_release':release.write_bytes(release.read_bytes()+b' ')
            if target in ('own_source','frozen_source'):
                name=Path(M.__file__) if target=='own_source' else HERE/'summarize_goop_graph_support_quota_v2.py'
                monkeypatch.setattr(M,'sha',lambda p:'0'*64 if Path(p)==name else original_sha(p))
        if when=='during_parse':
            original=M.json_snapshot
            def intercept(path,expected=None):
                value=original(path,expected)
                if str(path).endswith('trajectory_000000_base.json'):mutate()
                return value
            monkeypatch.setattr(M,'json_snapshot',intercept)
        if when=='during_aggregation':
            original=M.validate_rollout
            def intercept(*a):
                result=original(*a);mutate();return result
            monkeypatch.setattr(M,'validate_rollout',intercept)
        if when=='during_serialization':
            original=M.encode
            def intercept(value):
                raw=original(value);mutate();return raw
            monkeypatch.setattr(M,'encode',intercept)
>       with pytest.raises(ValueError):M.publish(output,M.collect(*queue))
                                                        ^^^^^^^^^^^^^^^^^

work/deadline_research_20261005/cuda_preparation/test_summarize_goop_graph_support_scoped_v3.py:185: 
_ _ _ _ _ _ _ _ _ _ _ _ _ _ _ _ _ _ _ _ _ _ _ _ _ _ _ _ _ _ _ _ _ _ _ _ _ _ _ _ 
work/deadline_research_20261005/cuda_preparation/summarize_goop_graph_support_scoped_v3.py:286: in collect
    result = saved_json(directory / 'result.json')
             ^^^^^^^^^^^^^^^^^^^^^^^^^^^^^^^^^^^^^
work/deadline_research_20261005/cuda_preparation/summarize_goop_graph_support_scoped_v3.py:206: in saved_json
    def saved_json(path): return json_snapshot(path, saved_sha(path))[0]
                                                     ^^^^^^^^^^^^^^^
_ _ _ _ _ _ _ _ _ _ _ _ _ _ _ _ _ _ _ _ _ _ _ _ _ _ _ _ _ _ _ _ _ _ _ _ _ _ _ _ 

path = PosixPath('/private/var/folders/b6/8nb2r9dn3cdc1_4r9xhqdzlc0000gp/T/pytest-of-aiden.zhou/pytest-292/test_collection_mutation_block13/queue/jobs/base_seed2/full_rollout_test/result.json')

    def saved_sha(path):
>       name = str(Path(path).relative_to(root)); require(name in snapshot['files'], 'Output absent from initial snapshot')
                                                                  ^^^^^^^^^^^^^^^^^
E       KeyError: 'files'

work/deadline_research_20261005/cuda_preparation/summarize_goop_graph_support_scoped_v3.py:204: KeyError
_ test_collection_mutation_blocks_publication[root_release-during_serialization] _

queue = (PosixPath('/private/var/folders/b6/8nb2r9dn3cdc1_4r9xhqdzlc0000gp/T/pytest-of-aiden.zhou/pytest-292/test_collection_m...9dn3cdc1_4r9xhqdzlc0000gp/T/pytest-of-aiden.zhou/pytest-292/test_collection_mutation_block14/collection_release.json'))
tmp_path = PosixPath('/private/var/folders/b6/8nb2r9dn3cdc1_4r9xhqdzlc0000gp/T/pytest-of-aiden.zhou/pytest-292/test_collection_mutation_block14')
monkeypatch = <_pytest.monkeypatch.MonkeyPatch object at 0x10791e0c0>
when = 'during_serialization', target = 'root_release'

    @pytest.mark.parametrize('when',['during_parse','during_aggregation','during_serialization'])
    @pytest.mark.parametrize('target',['row','new_file','new_directory','amendment','root_release','own_source','frozen_source'])
    def test_collection_mutation_blocks_publication(queue,tmp_path,monkeypatch,when,target):
        # Source-race tests inject hash changes; never touch frozen source bytes.
        root,cohort,amendment,release=queue;output=tmp_path/'published.json';changed=False
        original_sha=M.sha
        def mutate():
            nonlocal changed
            if changed:return
            changed=True
            if target=='row':
                p=root/'jobs/base_seed2/full_rollout_test/trajectory_000000_base.json';p.write_bytes(p.read_bytes()+b' ')
            if target=='new_file':(root/'late.txt').write_text('late')
            if target=='new_directory':(root/'late_empty').mkdir()
            if target=='amendment':amendment.write_text('mutated')
            if target=='root_release':release.write_bytes(release.read_bytes()+b' ')
            if target in ('own_source','frozen_source'):
                name=Path(M.__file__) if target=='own_source' else HERE/'summarize_goop_graph_support_quota_v2.py'
                monkeypatch.setattr(M,'sha',lambda p:'0'*64 if Path(p)==name else original_sha(p))
        if when=='during_parse':
            original=M.json_snapshot
            def intercept(path,expected=None):
                value=original(path,expected)
                if str(path).endswith('trajectory_000000_base.json'):mutate()
                return value
            monkeypatch.setattr(M,'json_snapshot',intercept)
        if when=='during_aggregation':
            original=M.validate_rollout
            def intercept(*a):
                result=original(*a);mutate();return result
            monkeypatch.setattr(M,'validate_rollout',intercept)
        if when=='during_serialization':
            original=M.encode
            def intercept(value):
                raw=original(value);mutate();return raw
            monkeypatch.setattr(M,'encode',intercept)
>       with pytest.raises(ValueError):M.publish(output,M.collect(*queue))
                                                        ^^^^^^^^^^^^^^^^^

work/deadline_research_20261005/cuda_preparation/test_summarize_goop_graph_support_scoped_v3.py:185: 
_ _ _ _ _ _ _ _ _ _ _ _ _ _ _ _ _ _ _ _ _ _ _ _ _ _ _ _ _ _ _ _ _ _ _ _ _ _ _ _ 
work/deadline_research_20261005/cuda_preparation/summarize_goop_graph_support_scoped_v3.py:286: in collect
    result = saved_json(directory / 'result.json')
             ^^^^^^^^^^^^^^^^^^^^^^^^^^^^^^^^^^^^^
work/deadline_research_20261005/cuda_preparation/summarize_goop_graph_support_scoped_v3.py:206: in saved_json
    def saved_json(path): return json_snapshot(path, saved_sha(path))[0]
                                                     ^^^^^^^^^^^^^^^
_ _ _ _ _ _ _ _ _ _ _ _ _ _ _ _ _ _ _ _ _ _ _ _ _ _ _ _ _ _ _ _ _ _ _ _ _ _ _ _ 

path = PosixPath('/private/var/folders/b6/8nb2r9dn3cdc1_4r9xhqdzlc0000gp/T/pytest-of-aiden.zhou/pytest-292/test_collection_mutation_block14/queue/jobs/base_seed2/full_rollout_test/result.json')

    def saved_sha(path):
>       name = str(Path(path).relative_to(root)); require(name in snapshot['files'], 'Output absent from initial snapshot')
                                                                  ^^^^^^^^^^^^^^^^^
E       KeyError: 'files'

work/deadline_research_20261005/cuda_preparation/summarize_goop_graph_support_scoped_v3.py:204: KeyError
_____ test_collection_mutation_blocks_publication[own_source-during_parse] _____

queue = (PosixPath('/private/var/folders/b6/8nb2r9dn3cdc1_4r9xhqdzlc0000gp/T/pytest-of-aiden.zhou/pytest-292/test_collection_m...9dn3cdc1_4r9xhqdzlc0000gp/T/pytest-of-aiden.zhou/pytest-292/test_collection_mutation_block15/collection_release.json'))
tmp_path = PosixPath('/private/var/folders/b6/8nb2r9dn3cdc1_4r9xhqdzlc0000gp/T/pytest-of-aiden.zhou/pytest-292/test_collection_mutation_block15')
monkeypatch = <_pytest.monkeypatch.MonkeyPatch object at 0x107764dd0>
when = 'during_parse', target = 'own_source'

    @pytest.mark.parametrize('when',['during_parse','during_aggregation','during_serialization'])
    @pytest.mark.parametrize('target',['row','new_file','new_directory','amendment','root_release','own_source','frozen_source'])
    def test_collection_mutation_blocks_publication(queue,tmp_path,monkeypatch,when,target):
        # Source-race tests inject hash changes; never touch frozen source bytes.
        root,cohort,amendment,release=queue;output=tmp_path/'published.json';changed=False
        original_sha=M.sha
        def mutate():
            nonlocal changed
            if changed:return
            changed=True
            if target=='row':
                p=root/'jobs/base_seed2/full_rollout_test/trajectory_000000_base.json';p.write_bytes(p.read_bytes()+b' ')
            if target=='new_file':(root/'late.txt').write_text('late')
            if target=='new_directory':(root/'late_empty').mkdir()
            if target=='amendment':amendment.write_text('mutated')
            if target=='root_release':release.write_bytes(release.read_bytes()+b' ')
            if target in ('own_source','frozen_source'):
                name=Path(M.__file__) if target=='own_source' else HERE/'summarize_goop_graph_support_quota_v2.py'
                monkeypatch.setattr(M,'sha',lambda p:'0'*64 if Path(p)==name else original_sha(p))
        if when=='during_parse':
            original=M.json_snapshot
            def intercept(path,expected=None):
                value=original(path,expected)
                if str(path).endswith('trajectory_000000_base.json'):mutate()
                return value
            monkeypatch.setattr(M,'json_snapshot',intercept)
        if when=='during_aggregation':
            original=M.validate_rollout
            def intercept(*a):
                result=original(*a);mutate();return result
            monkeypatch.setattr(M,'validate_rollout',intercept)
        if when=='during_serialization':
            original=M.encode
            def intercept(value):
                raw=original(value);mutate();return raw
            monkeypatch.setattr(M,'encode',intercept)
>       with pytest.raises(ValueError):M.publish(output,M.collect(*queue))
                                                        ^^^^^^^^^^^^^^^^^

work/deadline_research_20261005/cuda_preparation/test_summarize_goop_graph_support_scoped_v3.py:185: 
_ _ _ _ _ _ _ _ _ _ _ _ _ _ _ _ _ _ _ _ _ _ _ _ _ _ _ _ _ _ _ _ _ _ _ _ _ _ _ _ 
work/deadline_research_20261005/cuda_preparation/summarize_goop_graph_support_scoped_v3.py:286: in collect
    result = saved_json(directory / 'result.json')
             ^^^^^^^^^^^^^^^^^^^^^^^^^^^^^^^^^^^^^
work/deadline_research_20261005/cuda_preparation/summarize_goop_graph_support_scoped_v3.py:206: in saved_json
    def saved_json(path): return json_snapshot(path, saved_sha(path))[0]
                                                     ^^^^^^^^^^^^^^^
_ _ _ _ _ _ _ _ _ _ _ _ _ _ _ _ _ _ _ _ _ _ _ _ _ _ _ _ _ _ _ _ _ _ _ _ _ _ _ _ 

path = PosixPath('/private/var/folders/b6/8nb2r9dn3cdc1_4r9xhqdzlc0000gp/T/pytest-of-aiden.zhou/pytest-292/test_collection_mutation_block15/queue/jobs/base_seed2/full_rollout_test/result.json')

    def saved_sha(path):
>       name = str(Path(path).relative_to(root)); require(name in snapshot['files'], 'Output absent from initial snapshot')
                                                                  ^^^^^^^^^^^^^^^^^
E       KeyError: 'files'

work/deadline_research_20261005/cuda_preparation/summarize_goop_graph_support_scoped_v3.py:204: KeyError
__ test_collection_mutation_blocks_publication[own_source-during_aggregation] __

queue = (PosixPath('/private/var/folders/b6/8nb2r9dn3cdc1_4r9xhqdzlc0000gp/T/pytest-of-aiden.zhou/pytest-292/test_collection_m...9dn3cdc1_4r9xhqdzlc0000gp/T/pytest-of-aiden.zhou/pytest-292/test_collection_mutation_block16/collection_release.json'))
tmp_path = PosixPath('/private/var/folders/b6/8nb2r9dn3cdc1_4r9xhqdzlc0000gp/T/pytest-of-aiden.zhou/pytest-292/test_collection_mutation_block16')
monkeypatch = <_pytest.monkeypatch.MonkeyPatch object at 0x1078d0c20>
when = 'during_aggregation', target = 'own_source'

    @pytest.mark.parametrize('when',['during_parse','during_aggregation','during_serialization'])
    @pytest.mark.parametrize('target',['row','new_file','new_directory','amendment','root_release','own_source','frozen_source'])
    def test_collection_mutation_blocks_publication(queue,tmp_path,monkeypatch,when,target):
        # Source-race tests inject hash changes; never touch frozen source bytes.
        root,cohort,amendment,release=queue;output=tmp_path/'published.json';changed=False
        original_sha=M.sha
        def mutate():
            nonlocal changed
            if changed:return
            changed=True
            if target=='row':
                p=root/'jobs/base_seed2/full_rollout_test/trajectory_000000_base.json';p.write_bytes(p.read_bytes()+b' ')
            if target=='new_file':(root/'late.txt').write_text('late')
            if target=='new_directory':(root/'late_empty').mkdir()
            if target=='amendment':amendment.write_text('mutated')
            if target=='root_release':release.write_bytes(release.read_bytes()+b' ')
            if target in ('own_source','frozen_source'):
                name=Path(M.__file__) if target=='own_source' else HERE/'summarize_goop_graph_support_quota_v2.py'
                monkeypatch.setattr(M,'sha',lambda p:'0'*64 if Path(p)==name else original_sha(p))
        if when=='during_parse':
            original=M.json_snapshot
            def intercept(path,expected=None):
                value=original(path,expected)
                if str(path).endswith('trajectory_000000_base.json'):mutate()
                return value
            monkeypatch.setattr(M,'json_snapshot',intercept)
        if when=='during_aggregation':
            original=M.validate_rollout
            def intercept(*a):
                result=original(*a);mutate();return result
            monkeypatch.setattr(M,'validate_rollout',intercept)
        if when=='during_serialization':
            original=M.encode
            def intercept(value):
                raw=original(value);mutate();return raw
            monkeypatch.setattr(M,'encode',intercept)
>       with pytest.raises(ValueError):M.publish(output,M.collect(*queue))
                                                        ^^^^^^^^^^^^^^^^^

work/deadline_research_20261005/cuda_preparation/test_summarize_goop_graph_support_scoped_v3.py:185: 
_ _ _ _ _ _ _ _ _ _ _ _ _ _ _ _ _ _ _ _ _ _ _ _ _ _ _ _ _ _ _ _ _ _ _ _ _ _ _ _ 
work/deadline_research_20261005/cuda_preparation/summarize_goop_graph_support_scoped_v3.py:286: in collect
    result = saved_json(directory / 'result.json')
             ^^^^^^^^^^^^^^^^^^^^^^^^^^^^^^^^^^^^^
work/deadline_research_20261005/cuda_preparation/summarize_goop_graph_support_scoped_v3.py:206: in saved_json
    def saved_json(path): return json_snapshot(path, saved_sha(path))[0]
                                                     ^^^^^^^^^^^^^^^
_ _ _ _ _ _ _ _ _ _ _ _ _ _ _ _ _ _ _ _ _ _ _ _ _ _ _ _ _ _ _ _ _ _ _ _ _ _ _ _ 

path = PosixPath('/private/var/folders/b6/8nb2r9dn3cdc1_4r9xhqdzlc0000gp/T/pytest-of-aiden.zhou/pytest-292/test_collection_mutation_block16/queue/jobs/base_seed2/full_rollout_test/result.json')

    def saved_sha(path):
>       name = str(Path(path).relative_to(root)); require(name in snapshot['files'], 'Output absent from initial snapshot')
                                                                  ^^^^^^^^^^^^^^^^^
E       KeyError: 'files'

work/deadline_research_20261005/cuda_preparation/summarize_goop_graph_support_scoped_v3.py:204: KeyError
_ test_collection_mutation_blocks_publication[own_source-during_serialization] _

queue = (PosixPath('/private/var/folders/b6/8nb2r9dn3cdc1_4r9xhqdzlc0000gp/T/pytest-of-aiden.zhou/pytest-292/test_collection_m...9dn3cdc1_4r9xhqdzlc0000gp/T/pytest-of-aiden.zhou/pytest-292/test_collection_mutation_block17/collection_release.json'))
tmp_path = PosixPath('/private/var/folders/b6/8nb2r9dn3cdc1_4r9xhqdzlc0000gp/T/pytest-of-aiden.zhou/pytest-292/test_collection_mutation_block17')
monkeypatch = <_pytest.monkeypatch.MonkeyPatch object at 0x107585790>
when = 'during_serialization', target = 'own_source'

    @pytest.mark.parametrize('when',['during_parse','during_aggregation','during_serialization'])
    @pytest.mark.parametrize('target',['row','new_file','new_directory','amendment','root_release','own_source','frozen_source'])
    def test_collection_mutation_blocks_publication(queue,tmp_path,monkeypatch,when,target):
        # Source-race tests inject hash changes; never touch frozen source bytes.
        root,cohort,amendment,release=queue;output=tmp_path/'published.json';changed=False
        original_sha=M.sha
        def mutate():
            nonlocal changed
            if changed:return
            changed=True
            if target=='row':
                p=root/'jobs/base_seed2/full_rollout_test/trajectory_000000_base.json';p.write_bytes(p.read_bytes()+b' ')
            if target=='new_file':(root/'late.txt').write_text('late')
            if target=='new_directory':(root/'late_empty').mkdir()
            if target=='amendment':amendment.write_text('mutated')
            if target=='root_release':release.write_bytes(release.read_bytes()+b' ')
            if target in ('own_source','frozen_source'):
                name=Path(M.__file__) if target=='own_source' else HERE/'summarize_goop_graph_support_quota_v2.py'
                monkeypatch.setattr(M,'sha',lambda p:'0'*64 if Path(p)==name else original_sha(p))
        if when=='during_parse':
            original=M.json_snapshot
            def intercept(path,expected=None):
                value=original(path,expected)
                if str(path).endswith('trajectory_000000_base.json'):mutate()
                return value
            monkeypatch.setattr(M,'json_snapshot',intercept)
        if when=='during_aggregation':
            original=M.validate_rollout
            def intercept(*a):
                result=original(*a);mutate();return result
            monkeypatch.setattr(M,'validate_rollout',intercept)
        if when=='during_serialization':
            original=M.encode
            def intercept(value):
                raw=original(value);mutate();return raw
            monkeypatch.setattr(M,'encode',intercept)
>       with pytest.raises(ValueError):M.publish(output,M.collect(*queue))
                                                        ^^^^^^^^^^^^^^^^^

work/deadline_research_20261005/cuda_preparation/test_summarize_goop_graph_support_scoped_v3.py:185: 
_ _ _ _ _ _ _ _ _ _ _ _ _ _ _ _ _ _ _ _ _ _ _ _ _ _ _ _ _ _ _ _ _ _ _ _ _ _ _ _ 
work/deadline_research_20261005/cuda_preparation/summarize_goop_graph_support_scoped_v3.py:286: in collect
    result = saved_json(directory / 'result.json')
             ^^^^^^^^^^^^^^^^^^^^^^^^^^^^^^^^^^^^^
work/deadline_research_20261005/cuda_preparation/summarize_goop_graph_support_scoped_v3.py:206: in saved_json
    def saved_json(path): return json_snapshot(path, saved_sha(path))[0]
                                                     ^^^^^^^^^^^^^^^
_ _ _ _ _ _ _ _ _ _ _ _ _ _ _ _ _ _ _ _ _ _ _ _ _ _ _ _ _ _ _ _ _ _ _ _ _ _ _ _ 

path = PosixPath('/private/var/folders/b6/8nb2r9dn3cdc1_4r9xhqdzlc0000gp/T/pytest-of-aiden.zhou/pytest-292/test_collection_mutation_block17/queue/jobs/base_seed2/full_rollout_test/result.json')

    def saved_sha(path):
>       name = str(Path(path).relative_to(root)); require(name in snapshot['files'], 'Output absent from initial snapshot')
                                                                  ^^^^^^^^^^^^^^^^^
E       KeyError: 'files'

work/deadline_research_20261005/cuda_preparation/summarize_goop_graph_support_scoped_v3.py:204: KeyError
___ test_collection_mutation_blocks_publication[frozen_source-during_parse] ____

queue = (PosixPath('/private/var/folders/b6/8nb2r9dn3cdc1_4r9xhqdzlc0000gp/T/pytest-of-aiden.zhou/pytest-292/test_collection_m...9dn3cdc1_4r9xhqdzlc0000gp/T/pytest-of-aiden.zhou/pytest-292/test_collection_mutation_block18/collection_release.json'))
tmp_path = PosixPath('/private/var/folders/b6/8nb2r9dn3cdc1_4r9xhqdzlc0000gp/T/pytest-of-aiden.zhou/pytest-292/test_collection_mutation_block18')
monkeypatch = <_pytest.monkeypatch.MonkeyPatch object at 0x107585dc0>
when = 'during_parse', target = 'frozen_source'

    @pytest.mark.parametrize('when',['during_parse','during_aggregation','during_serialization'])
    @pytest.mark.parametrize('target',['row','new_file','new_directory','amendment','root_release','own_source','frozen_source'])
    def test_collection_mutation_blocks_publication(queue,tmp_path,monkeypatch,when,target):
        # Source-race tests inject hash changes; never touch frozen source bytes.
        root,cohort,amendment,release=queue;output=tmp_path/'published.json';changed=False
        original_sha=M.sha
        def mutate():
            nonlocal changed
            if changed:return
            changed=True
            if target=='row':
                p=root/'jobs/base_seed2/full_rollout_test/trajectory_000000_base.json';p.write_bytes(p.read_bytes()+b' ')
            if target=='new_file':(root/'late.txt').write_text('late')
            if target=='new_directory':(root/'late_empty').mkdir()
            if target=='amendment':amendment.write_text('mutated')
            if target=='root_release':release.write_bytes(release.read_bytes()+b' ')
            if target in ('own_source','frozen_source'):
                name=Path(M.__file__) if target=='own_source' else HERE/'summarize_goop_graph_support_quota_v2.py'
                monkeypatch.setattr(M,'sha',lambda p:'0'*64 if Path(p)==name else original_sha(p))
        if when=='during_parse':
            original=M.json_snapshot
            def intercept(path,expected=None):
                value=original(path,expected)
                if str(path).endswith('trajectory_000000_base.json'):mutate()
                return value
            monkeypatch.setattr(M,'json_snapshot',intercept)
        if when=='during_aggregation':
            original=M.validate_rollout
            def intercept(*a):
                result=original(*a);mutate();return result
            monkeypatch.setattr(M,'validate_rollout',intercept)
        if when=='during_serialization':
            original=M.encode
            def intercept(value):
                raw=original(value);mutate();return raw
            monkeypatch.setattr(M,'encode',intercept)
>       with pytest.raises(ValueError):M.publish(output,M.collect(*queue))
                                                        ^^^^^^^^^^^^^^^^^

work/deadline_research_20261005/cuda_preparation/test_summarize_goop_graph_support_scoped_v3.py:185: 
_ _ _ _ _ _ _ _ _ _ _ _ _ _ _ _ _ _ _ _ _ _ _ _ _ _ _ _ _ _ _ _ _ _ _ _ _ _ _ _ 
work/deadline_research_20261005/cuda_preparation/summarize_goop_graph_support_scoped_v3.py:286: in collect
    result = saved_json(directory / 'result.json')
             ^^^^^^^^^^^^^^^^^^^^^^^^^^^^^^^^^^^^^
work/deadline_research_20261005/cuda_preparation/summarize_goop_graph_support_scoped_v3.py:206: in saved_json
    def saved_json(path): return json_snapshot(path, saved_sha(path))[0]
                                                     ^^^^^^^^^^^^^^^
_ _ _ _ _ _ _ _ _ _ _ _ _ _ _ _ _ _ _ _ _ _ _ _ _ _ _ _ _ _ _ _ _ _ _ _ _ _ _ _ 

path = PosixPath('/private/var/folders/b6/8nb2r9dn3cdc1_4r9xhqdzlc0000gp/T/pytest-of-aiden.zhou/pytest-292/test_collection_mutation_block18/queue/jobs/base_seed2/full_rollout_test/result.json')

    def saved_sha(path):
>       name = str(Path(path).relative_to(root)); require(name in snapshot['files'], 'Output absent from initial snapshot')
                                                                  ^^^^^^^^^^^^^^^^^
E       KeyError: 'files'

work/deadline_research_20261005/cuda_preparation/summarize_goop_graph_support_scoped_v3.py:204: KeyError
_ test_collection_mutation_blocks_publication[frozen_source-during_aggregation] _

queue = (PosixPath('/private/var/folders/b6/8nb2r9dn3cdc1_4r9xhqdzlc0000gp/T/pytest-of-aiden.zhou/pytest-292/test_collection_m...9dn3cdc1_4r9xhqdzlc0000gp/T/pytest-of-aiden.zhou/pytest-292/test_collection_mutation_block19/collection_release.json'))
tmp_path = PosixPath('/private/var/folders/b6/8nb2r9dn3cdc1_4r9xhqdzlc0000gp/T/pytest-of-aiden.zhou/pytest-292/test_collection_mutation_block19')
monkeypatch = <_pytest.monkeypatch.MonkeyPatch object at 0x107585970>
when = 'during_aggregation', target = 'frozen_source'

    @pytest.mark.parametrize('when',['during_parse','during_aggregation','during_serialization'])
    @pytest.mark.parametrize('target',['row','new_file','new_directory','amendment','root_release','own_source','frozen_source'])
    def test_collection_mutation_blocks_publication(queue,tmp_path,monkeypatch,when,target):
        # Source-race tests inject hash changes; never touch frozen source bytes.
        root,cohort,amendment,release=queue;output=tmp_path/'published.json';changed=False
        original_sha=M.sha
        def mutate():
            nonlocal changed
            if changed:return
            changed=True
            if target=='row':
                p=root/'jobs/base_seed2/full_rollout_test/trajectory_000000_base.json';p.write_bytes(p.read_bytes()+b' ')
            if target=='new_file':(root/'late.txt').write_text('late')
            if target=='new_directory':(root/'late_empty').mkdir()
            if target=='amendment':amendment.write_text('mutated')
            if target=='root_release':release.write_bytes(release.read_bytes()+b' ')
            if target in ('own_source','frozen_source'):
                name=Path(M.__file__) if target=='own_source' else HERE/'summarize_goop_graph_support_quota_v2.py'
                monkeypatch.setattr(M,'sha',lambda p:'0'*64 if Path(p)==name else original_sha(p))
        if when=='during_parse':
            original=M.json_snapshot
            def intercept(path,expected=None):
                value=original(path,expected)
                if str(path).endswith('trajectory_000000_base.json'):mutate()
                return value
            monkeypatch.setattr(M,'json_snapshot',intercept)
        if when=='during_aggregation':
            original=M.validate_rollout
            def intercept(*a):
                result=original(*a);mutate();return result
            monkeypatch.setattr(M,'validate_rollout',intercept)
        if when=='during_serialization':
            original=M.encode
            def intercept(value):
                raw=original(value);mutate();return raw
            monkeypatch.setattr(M,'encode',intercept)
>       with pytest.raises(ValueError):M.publish(output,M.collect(*queue))
                                                        ^^^^^^^^^^^^^^^^^

work/deadline_research_20261005/cuda_preparation/test_summarize_goop_graph_support_scoped_v3.py:185: 
_ _ _ _ _ _ _ _ _ _ _ _ _ _ _ _ _ _ _ _ _ _ _ _ _ _ _ _ _ _ _ _ _ _ _ _ _ _ _ _ 
work/deadline_research_20261005/cuda_preparation/summarize_goop_graph_support_scoped_v3.py:286: in collect
    result = saved_json(directory / 'result.json')
             ^^^^^^^^^^^^^^^^^^^^^^^^^^^^^^^^^^^^^
work/deadline_research_20261005/cuda_preparation/summarize_goop_graph_support_scoped_v3.py:206: in saved_json
    def saved_json(path): return json_snapshot(path, saved_sha(path))[0]
                                                     ^^^^^^^^^^^^^^^
_ _ _ _ _ _ _ _ _ _ _ _ _ _ _ _ _ _ _ _ _ _ _ _ _ _ _ _ _ _ _ _ _ _ _ _ _ _ _ _ 

path = PosixPath('/private/var/folders/b6/8nb2r9dn3cdc1_4r9xhqdzlc0000gp/T/pytest-of-aiden.zhou/pytest-292/test_collection_mutation_block19/queue/jobs/base_seed2/full_rollout_test/result.json')

    def saved_sha(path):
>       name = str(Path(path).relative_to(root)); require(name in snapshot['files'], 'Output absent from initial snapshot')
                                                                  ^^^^^^^^^^^^^^^^^
E       KeyError: 'files'

work/deadline_research_20261005/cuda_preparation/summarize_goop_graph_support_scoped_v3.py:204: KeyError
_ test_collection_mutation_blocks_publication[frozen_source-during_serialization] _

queue = (PosixPath('/private/var/folders/b6/8nb2r9dn3cdc1_4r9xhqdzlc0000gp/T/pytest-of-aiden.zhou/pytest-292/test_collection_m...9dn3cdc1_4r9xhqdzlc0000gp/T/pytest-of-aiden.zhou/pytest-292/test_collection_mutation_block20/collection_release.json'))
tmp_path = PosixPath('/private/var/folders/b6/8nb2r9dn3cdc1_4r9xhqdzlc0000gp/T/pytest-of-aiden.zhou/pytest-292/test_collection_mutation_block20')
monkeypatch = <_pytest.monkeypatch.MonkeyPatch object at 0x107605d00>
when = 'during_serialization', target = 'frozen_source'

    @pytest.mark.parametrize('when',['during_parse','during_aggregation','during_serialization'])
    @pytest.mark.parametrize('target',['row','new_file','new_directory','amendment','root_release','own_source','frozen_source'])
    def test_collection_mutation_blocks_publication(queue,tmp_path,monkeypatch,when,target):
        # Source-race tests inject hash changes; never touch frozen source bytes.
        root,cohort,amendment,release=queue;output=tmp_path/'published.json';changed=False
        original_sha=M.sha
        def mutate():
            nonlocal changed
            if changed:return
            changed=True
            if target=='row':
                p=root/'jobs/base_seed2/full_rollout_test/trajectory_000000_base.json';p.write_bytes(p.read_bytes()+b' ')
            if target=='new_file':(root/'late.txt').write_text('late')
            if target=='new_directory':(root/'late_empty').mkdir()
            if target=='amendment':amendment.write_text('mutated')
            if target=='root_release':release.write_bytes(release.read_bytes()+b' ')
            if target in ('own_source','frozen_source'):
                name=Path(M.__file__) if target=='own_source' else HERE/'summarize_goop_graph_support_quota_v2.py'
                monkeypatch.setattr(M,'sha',lambda p:'0'*64 if Path(p)==name else original_sha(p))
        if when=='during_parse':
            original=M.json_snapshot
            def intercept(path,expected=None):
                value=original(path,expected)
                if str(path).endswith('trajectory_000000_base.json'):mutate()
                return value
            monkeypatch.setattr(M,'json_snapshot',intercept)
        if when=='during_aggregation':
            original=M.validate_rollout
            def intercept(*a):
                result=original(*a);mutate();return result
            monkeypatch.setattr(M,'validate_rollout',intercept)
        if when=='during_serialization':
            original=M.encode
            def intercept(value):
                raw=original(value);mutate();return raw
            monkeypatch.setattr(M,'encode',intercept)
>       with pytest.raises(ValueError):M.publish(output,M.collect(*queue))
                                                        ^^^^^^^^^^^^^^^^^

work/deadline_research_20261005/cuda_preparation/test_summarize_goop_graph_support_scoped_v3.py:185: 
_ _ _ _ _ _ _ _ _ _ _ _ _ _ _ _ _ _ _ _ _ _ _ _ _ _ _ _ _ _ _ _ _ _ _ _ _ _ _ _ 
work/deadline_research_20261005/cuda_preparation/summarize_goop_graph_support_scoped_v3.py:286: in collect
    result = saved_json(directory / 'result.json')
             ^^^^^^^^^^^^^^^^^^^^^^^^^^^^^^^^^^^^^
work/deadline_research_20261005/cuda_preparation/summarize_goop_graph_support_scoped_v3.py:206: in saved_json
    def saved_json(path): return json_snapshot(path, saved_sha(path))[0]
                                                     ^^^^^^^^^^^^^^^
_ _ _ _ _ _ _ _ _ _ _ _ _ _ _ _ _ _ _ _ _ _ _ _ _ _ _ _ _ _ _ _ _ _ _ _ _ _ _ _ 

path = PosixPath('/private/var/folders/b6/8nb2r9dn3cdc1_4r9xhqdzlc0000gp/T/pytest-of-aiden.zhou/pytest-292/test_collection_mutation_block20/queue/jobs/base_seed2/full_rollout_test/result.json')

    def saved_sha(path):
>       name = str(Path(path).relative_to(root)); require(name in snapshot['files'], 'Output absent from initial snapshot')
                                                                  ^^^^^^^^^^^^^^^^^
E       KeyError: 'files'

work/deadline_research_20261005/cuda_preparation/summarize_goop_graph_support_scoped_v3.py:204: KeyError
_______________ test_all24_and_scientific_golden_equal_frozen_v2 _______________

tmp_path = PosixPath('/private/var/folders/b6/8nb2r9dn3cdc1_4r9xhqdzlc0000gp/T/pytest-of-aiden.zhou/pytest-292/test_all24_and_scientific_gold0')

    def test_all24_and_scientific_golden_equal_frozen_v2(tmp_path):
>       collections,release,receipts=make_analysis(tmp_path);result=M.summarize(collections,release)
                                     ^^^^^^^^^^^^^^^^^^^^^^^

work/deadline_research_20261005/cuda_preparation/test_summarize_goop_graph_support_scoped_v3.py:200: 
_ _ _ _ _ _ _ _ _ _ _ _ _ _ _ _ _ _ _ _ _ _ _ _ _ _ _ _ _ _ _ _ _ _ _ _ _ _ _ _ 
work/deadline_research_20261005/cuda_preparation/test_summarize_goop_graph_support_scoped_v3.py:192: in make_analysis
    queue=make_queue(tmp_path/role,role);c=M.collect(*queue);receipts.append(c)
                                           ^^^^^^^^^^^^^^^^^
work/deadline_research_20261005/cuda_preparation/summarize_goop_graph_support_scoped_v3.py:286: in collect
    result = saved_json(directory / 'result.json')
             ^^^^^^^^^^^^^^^^^^^^^^^^^^^^^^^^^^^^^
work/deadline_research_20261005/cuda_preparation/summarize_goop_graph_support_scoped_v3.py:206: in saved_json
    def saved_json(path): return json_snapshot(path, saved_sha(path))[0]
                                                     ^^^^^^^^^^^^^^^
_ _ _ _ _ _ _ _ _ _ _ _ _ _ _ _ _ _ _ _ _ _ _ _ _ _ _ _ _ _ _ _ _ _ _ _ _ _ _ _ 

path = PosixPath('/private/var/folders/b6/8nb2r9dn3cdc1_4r9xhqdzlc0000gp/T/pytest-of-aiden.zhou/pytest-292/test_all24_and_scientific_gold0/A/queue/jobs/base_seed0/full_rollout_test/result.json')

    def saved_sha(path):
>       name = str(Path(path).relative_to(root)); require(name in snapshot['files'], 'Output absent from initial snapshot')
                                                                  ^^^^^^^^^^^^^^^^^
E       KeyError: 'files'

work/deadline_research_20261005/cuda_preparation/summarize_goop_graph_support_scoped_v3.py:204: KeyError
______ test_analysis_mutation_blocks_publication[collection-aggregation] _______

tmp_path = PosixPath('/private/var/folders/b6/8nb2r9dn3cdc1_4r9xhqdzlc0000gp/T/pytest-of-aiden.zhou/pytest-292/test_analysis_mutation_blocks_0')
monkeypatch = <_pytest.monkeypatch.MonkeyPatch object at 0x10774df10>
when = 'aggregation', target = 'collection'

    @pytest.mark.parametrize('when',['aggregation','serialization'])
    @pytest.mark.parametrize('target',['collection','release','source'])
    def test_analysis_mutation_blocks_publication(tmp_path,monkeypatch,when,target):
>       collections,release,_=make_analysis(tmp_path);changed=False
                              ^^^^^^^^^^^^^^^^^^^^^^^

work/deadline_research_20261005/cuda_preparation/test_summarize_goop_graph_support_scoped_v3.py:221: 
_ _ _ _ _ _ _ _ _ _ _ _ _ _ _ _ _ _ _ _ _ _ _ _ _ _ _ _ _ _ _ _ _ _ _ _ _ _ _ _ 
work/deadline_research_20261005/cuda_preparation/test_summarize_goop_graph_support_scoped_v3.py:192: in make_analysis
    queue=make_queue(tmp_path/role,role);c=M.collect(*queue);receipts.append(c)
                                           ^^^^^^^^^^^^^^^^^
work/deadline_research_20261005/cuda_preparation/summarize_goop_graph_support_scoped_v3.py:286: in collect
    result = saved_json(directory / 'result.json')
             ^^^^^^^^^^^^^^^^^^^^^^^^^^^^^^^^^^^^^
work/deadline_research_20261005/cuda_preparation/summarize_goop_graph_support_scoped_v3.py:206: in saved_json
    def saved_json(path): return json_snapshot(path, saved_sha(path))[0]
                                                     ^^^^^^^^^^^^^^^
_ _ _ _ _ _ _ _ _ _ _ _ _ _ _ _ _ _ _ _ _ _ _ _ _ _ _ _ _ _ _ _ _ _ _ _ _ _ _ _ 

path = PosixPath('/private/var/folders/b6/8nb2r9dn3cdc1_4r9xhqdzlc0000gp/T/pytest-of-aiden.zhou/pytest-292/test_analysis_mutation_blocks_0/A/queue/jobs/base_seed0/full_rollout_test/result.json')

    def saved_sha(path):
>       name = str(Path(path).relative_to(root)); require(name in snapshot['files'], 'Output absent from initial snapshot')
                                                                  ^^^^^^^^^^^^^^^^^
E       KeyError: 'files'

work/deadline_research_20261005/cuda_preparation/summarize_goop_graph_support_scoped_v3.py:204: KeyError
_____ test_analysis_mutation_blocks_publication[collection-serialization] ______

tmp_path = PosixPath('/private/var/folders/b6/8nb2r9dn3cdc1_4r9xhqdzlc0000gp/T/pytest-of-aiden.zhou/pytest-292/test_analysis_mutation_blocks_1')
monkeypatch = <_pytest.monkeypatch.MonkeyPatch object at 0x1077ebbf0>
when = 'serialization', target = 'collection'

    @pytest.mark.parametrize('when',['aggregation','serialization'])
    @pytest.mark.parametrize('target',['collection','release','source'])
    def test_analysis_mutation_blocks_publication(tmp_path,monkeypatch,when,target):
>       collections,release,_=make_analysis(tmp_path);changed=False
                              ^^^^^^^^^^^^^^^^^^^^^^^

work/deadline_research_20261005/cuda_preparation/test_summarize_goop_graph_support_scoped_v3.py:221: 
_ _ _ _ _ _ _ _ _ _ _ _ _ _ _ _ _ _ _ _ _ _ _ _ _ _ _ _ _ _ _ _ _ _ _ _ _ _ _ _ 
work/deadline_research_20261005/cuda_preparation/test_summarize_goop_graph_support_scoped_v3.py:192: in make_analysis
    queue=make_queue(tmp_path/role,role);c=M.collect(*queue);receipts.append(c)
                                           ^^^^^^^^^^^^^^^^^
work/deadline_research_20261005/cuda_preparation/summarize_goop_graph_support_scoped_v3.py:286: in collect
    result = saved_json(directory / 'result.json')
             ^^^^^^^^^^^^^^^^^^^^^^^^^^^^^^^^^^^^^
work/deadline_research_20261005/cuda_preparation/summarize_goop_graph_support_scoped_v3.py:206: in saved_json
    def saved_json(path): return json_snapshot(path, saved_sha(path))[0]
                                                     ^^^^^^^^^^^^^^^
_ _ _ _ _ _ _ _ _ _ _ _ _ _ _ _ _ _ _ _ _ _ _ _ _ _ _ _ _ _ _ _ _ _ _ _ _ _ _ _ 

path = PosixPath('/private/var/folders/b6/8nb2r9dn3cdc1_4r9xhqdzlc0000gp/T/pytest-of-aiden.zhou/pytest-292/test_analysis_mutation_blocks_1/A/queue/jobs/base_seed0/full_rollout_test/result.json')

    def saved_sha(path):
>       name = str(Path(path).relative_to(root)); require(name in snapshot['files'], 'Output absent from initial snapshot')
                                                                  ^^^^^^^^^^^^^^^^^
E       KeyError: 'files'

work/deadline_research_20261005/cuda_preparation/summarize_goop_graph_support_scoped_v3.py:204: KeyError
________ test_analysis_mutation_blocks_publication[release-aggregation] ________

tmp_path = PosixPath('/private/var/folders/b6/8nb2r9dn3cdc1_4r9xhqdzlc0000gp/T/pytest-of-aiden.zhou/pytest-292/test_analysis_mutation_blocks_2')
monkeypatch = <_pytest.monkeypatch.MonkeyPatch object at 0x10773ce90>
when = 'aggregation', target = 'release'

    @pytest.mark.parametrize('when',['aggregation','serialization'])
    @pytest.mark.parametrize('target',['collection','release','source'])
    def test_analysis_mutation_blocks_publication(tmp_path,monkeypatch,when,target):
>       collections,release,_=make_analysis(tmp_path);changed=False
                              ^^^^^^^^^^^^^^^^^^^^^^^

work/deadline_research_20261005/cuda_preparation/test_summarize_goop_graph_support_scoped_v3.py:221: 
_ _ _ _ _ _ _ _ _ _ _ _ _ _ _ _ _ _ _ _ _ _ _ _ _ _ _ _ _ _ _ _ _ _ _ _ _ _ _ _ 
work/deadline_research_20261005/cuda_preparation/test_summarize_goop_graph_support_scoped_v3.py:192: in make_analysis
    queue=make_queue(tmp_path/role,role);c=M.collect(*queue);receipts.append(c)
                                           ^^^^^^^^^^^^^^^^^
work/deadline_research_20261005/cuda_preparation/summarize_goop_graph_support_scoped_v3.py:286: in collect
    result = saved_json(directory / 'result.json')
             ^^^^^^^^^^^^^^^^^^^^^^^^^^^^^^^^^^^^^
work/deadline_research_20261005/cuda_preparation/summarize_goop_graph_support_scoped_v3.py:206: in saved_json
    def saved_json(path): return json_snapshot(path, saved_sha(path))[0]
                                                     ^^^^^^^^^^^^^^^
_ _ _ _ _ _ _ _ _ _ _ _ _ _ _ _ _ _ _ _ _ _ _ _ _ _ _ _ _ _ _ _ _ _ _ _ _ _ _ _ 

path = PosixPath('/private/var/folders/b6/8nb2r9dn3cdc1_4r9xhqdzlc0000gp/T/pytest-of-aiden.zhou/pytest-292/test_analysis_mutation_blocks_2/A/queue/jobs/base_seed0/full_rollout_test/result.json')

    def saved_sha(path):
>       name = str(Path(path).relative_to(root)); require(name in snapshot['files'], 'Output absent from initial snapshot')
                                                                  ^^^^^^^^^^^^^^^^^
E       KeyError: 'files'

work/deadline_research_20261005/cuda_preparation/summarize_goop_graph_support_scoped_v3.py:204: KeyError
_______ test_analysis_mutation_blocks_publication[release-serialization] _______

tmp_path = PosixPath('/private/var/folders/b6/8nb2r9dn3cdc1_4r9xhqdzlc0000gp/T/pytest-of-aiden.zhou/pytest-292/test_analysis_mutation_blocks_3')
monkeypatch = <_pytest.monkeypatch.MonkeyPatch object at 0x1077dc5f0>
when = 'serialization', target = 'release'

    @pytest.mark.parametrize('when',['aggregation','serialization'])
    @pytest.mark.parametrize('target',['collection','release','source'])
    def test_analysis_mutation_blocks_publication(tmp_path,monkeypatch,when,target):
>       collections,release,_=make_analysis(tmp_path);changed=False
                              ^^^^^^^^^^^^^^^^^^^^^^^

work/deadline_research_20261005/cuda_preparation/test_summarize_goop_graph_support_scoped_v3.py:221: 
_ _ _ _ _ _ _ _ _ _ _ _ _ _ _ _ _ _ _ _ _ _ _ _ _ _ _ _ _ _ _ _ _ _ _ _ _ _ _ _ 
work/deadline_research_20261005/cuda_preparation/test_summarize_goop_graph_support_scoped_v3.py:192: in make_analysis
    queue=make_queue(tmp_path/role,role);c=M.collect(*queue);receipts.append(c)
                                           ^^^^^^^^^^^^^^^^^
work/deadline_research_20261005/cuda_preparation/summarize_goop_graph_support_scoped_v3.py:286: in collect
    result = saved_json(directory / 'result.json')
             ^^^^^^^^^^^^^^^^^^^^^^^^^^^^^^^^^^^^^
work/deadline_research_20261005/cuda_preparation/summarize_goop_graph_support_scoped_v3.py:206: in saved_json
    def saved_json(path): return json_snapshot(path, saved_sha(path))[0]
                                                     ^^^^^^^^^^^^^^^
_ _ _ _ _ _ _ _ _ _ _ _ _ _ _ _ _ _ _ _ _ _ _ _ _ _ _ _ _ _ _ _ _ _ _ _ _ _ _ _ 

path = PosixPath('/private/var/folders/b6/8nb2r9dn3cdc1_4r9xhqdzlc0000gp/T/pytest-of-aiden.zhou/pytest-292/test_analysis_mutation_blocks_3/A/queue/jobs/base_seed0/full_rollout_test/result.json')

    def saved_sha(path):
>       name = str(Path(path).relative_to(root)); require(name in snapshot['files'], 'Output absent from initial snapshot')
                                                                  ^^^^^^^^^^^^^^^^^
E       KeyError: 'files'

work/deadline_research_20261005/cuda_preparation/summarize_goop_graph_support_scoped_v3.py:204: KeyError
________ test_analysis_mutation_blocks_publication[source-aggregation] _________

tmp_path = PosixPath('/private/var/folders/b6/8nb2r9dn3cdc1_4r9xhqdzlc0000gp/T/pytest-of-aiden.zhou/pytest-292/test_analysis_mutation_blocks_4')
monkeypatch = <_pytest.monkeypatch.MonkeyPatch object at 0x107608890>
when = 'aggregation', target = 'source'

    @pytest.mark.parametrize('when',['aggregation','serialization'])
    @pytest.mark.parametrize('target',['collection','release','source'])
    def test_analysis_mutation_blocks_publication(tmp_path,monkeypatch,when,target):
>       collections,release,_=make_analysis(tmp_path);changed=False
                              ^^^^^^^^^^^^^^^^^^^^^^^

work/deadline_research_20261005/cuda_preparation/test_summarize_goop_graph_support_scoped_v3.py:221: 
_ _ _ _ _ _ _ _ _ _ _ _ _ _ _ _ _ _ _ _ _ _ _ _ _ _ _ _ _ _ _ _ _ _ _ _ _ _ _ _ 
work/deadline_research_20261005/cuda_preparation/test_summarize_goop_graph_support_scoped_v3.py:192: in make_analysis
    queue=make_queue(tmp_path/role,role);c=M.collect(*queue);receipts.append(c)
                                           ^^^^^^^^^^^^^^^^^
work/deadline_research_20261005/cuda_preparation/summarize_goop_graph_support_scoped_v3.py:286: in collect
    result = saved_json(directory / 'result.json')
             ^^^^^^^^^^^^^^^^^^^^^^^^^^^^^^^^^^^^^
work/deadline_research_20261005/cuda_preparation/summarize_goop_graph_support_scoped_v3.py:206: in saved_json
    def saved_json(path): return json_snapshot(path, saved_sha(path))[0]
                                                     ^^^^^^^^^^^^^^^
_ _ _ _ _ _ _ _ _ _ _ _ _ _ _ _ _ _ _ _ _ _ _ _ _ _ _ _ _ _ _ _ _ _ _ _ _ _ _ _ 

path = PosixPath('/private/var/folders/b6/8nb2r9dn3cdc1_4r9xhqdzlc0000gp/T/pytest-of-aiden.zhou/pytest-292/test_analysis_mutation_blocks_4/A/queue/jobs/base_seed0/full_rollout_test/result.json')

    def saved_sha(path):
>       name = str(Path(path).relative_to(root)); require(name in snapshot['files'], 'Output absent from initial snapshot')
                                                                  ^^^^^^^^^^^^^^^^^
E       KeyError: 'files'

work/deadline_research_20261005/cuda_preparation/summarize_goop_graph_support_scoped_v3.py:204: KeyError
_______ test_analysis_mutation_blocks_publication[source-serialization] ________

tmp_path = PosixPath('/private/var/folders/b6/8nb2r9dn3cdc1_4r9xhqdzlc0000gp/T/pytest-of-aiden.zhou/pytest-292/test_analysis_mutation_blocks_5')
monkeypatch = <_pytest.monkeypatch.MonkeyPatch object at 0x1075849e0>
when = 'serialization', target = 'source'

    @pytest.mark.parametrize('when',['aggregation','serialization'])
    @pytest.mark.parametrize('target',['collection','release','source'])
    def test_analysis_mutation_blocks_publication(tmp_path,monkeypatch,when,target):
>       collections,release,_=make_analysis(tmp_path);changed=False
                              ^^^^^^^^^^^^^^^^^^^^^^^

work/deadline_research_20261005/cuda_preparation/test_summarize_goop_graph_support_scoped_v3.py:221: 
_ _ _ _ _ _ _ _ _ _ _ _ _ _ _ _ _ _ _ _ _ _ _ _ _ _ _ _ _ _ _ _ _ _ _ _ _ _ _ _ 
work/deadline_research_20261005/cuda_preparation/test_summarize_goop_graph_support_scoped_v3.py:192: in make_analysis
    queue=make_queue(tmp_path/role,role);c=M.collect(*queue);receipts.append(c)
                                           ^^^^^^^^^^^^^^^^^
work/deadline_research_20261005/cuda_preparation/summarize_goop_graph_support_scoped_v3.py:286: in collect
    result = saved_json(directory / 'result.json')
             ^^^^^^^^^^^^^^^^^^^^^^^^^^^^^^^^^^^^^
work/deadline_research_20261005/cuda_preparation/summarize_goop_graph_support_scoped_v3.py:206: in saved_json
    def saved_json(path): return json_snapshot(path, saved_sha(path))[0]
                                                     ^^^^^^^^^^^^^^^
_ _ _ _ _ _ _ _ _ _ _ _ _ _ _ _ _ _ _ _ _ _ _ _ _ _ _ _ _ _ _ _ _ _ _ _ _ _ _ _ 

path = PosixPath('/private/var/folders/b6/8nb2r9dn3cdc1_4r9xhqdzlc0000gp/T/pytest-of-aiden.zhou/pytest-292/test_analysis_mutation_blocks_5/A/queue/jobs/base_seed0/full_rollout_test/result.json')

    def saved_sha(path):
>       name = str(Path(path).relative_to(root)); require(name in snapshot['files'], 'Output absent from initial snapshot')
                                                                  ^^^^^^^^^^^^^^^^^
E       KeyError: 'files'

work/deadline_research_20261005/cuda_preparation/summarize_goop_graph_support_scoped_v3.py:204: KeyError
____________________ test_unverified_inputs_block_analysis _____________________

tmp_path = PosixPath('/private/var/folders/b6/8nb2r9dn3cdc1_4r9xhqdzlc0000gp/T/pytest-of-aiden.zhou/pytest-292/test_unverified_inputs_block_a0')

    def test_unverified_inputs_block_analysis(tmp_path):
>       collections,release,_=make_analysis(tmp_path)
                              ^^^^^^^^^^^^^^^^^^^^^^^

work/deadline_research_20261005/cuda_preparation/test_summarize_goop_graph_support_scoped_v3.py:244: 
_ _ _ _ _ _ _ _ _ _ _ _ _ _ _ _ _ _ _ _ _ _ _ _ _ _ _ _ _ _ _ _ _ _ _ _ _ _ _ _ 
work/deadline_research_20261005/cuda_preparation/test_summarize_goop_graph_support_scoped_v3.py:192: in make_analysis
    queue=make_queue(tmp_path/role,role);c=M.collect(*queue);receipts.append(c)
                                           ^^^^^^^^^^^^^^^^^
work/deadline_research_20261005/cuda_preparation/summarize_goop_graph_support_scoped_v3.py:286: in collect
    result = saved_json(directory / 'result.json')
             ^^^^^^^^^^^^^^^^^^^^^^^^^^^^^^^^^^^^^
work/deadline_research_20261005/cuda_preparation/summarize_goop_graph_support_scoped_v3.py:206: in saved_json
    def saved_json(path): return json_snapshot(path, saved_sha(path))[0]
                                                     ^^^^^^^^^^^^^^^
_ _ _ _ _ _ _ _ _ _ _ _ _ _ _ _ _ _ _ _ _ _ _ _ _ _ _ _ _ _ _ _ _ _ _ _ _ _ _ _ 

path = PosixPath('/private/var/folders/b6/8nb2r9dn3cdc1_4r9xhqdzlc0000gp/T/pytest-of-aiden.zhou/pytest-292/test_unverified_inputs_block_a0/A/queue/jobs/base_seed0/full_rollout_test/result.json')

    def saved_sha(path):
>       name = str(Path(path).relative_to(root)); require(name in snapshot['files'], 'Output absent from initial snapshot')
                                                                  ^^^^^^^^^^^^^^^^^
E       KeyError: 'files'

work/deadline_research_20261005/cuda_preparation/summarize_goop_graph_support_scoped_v3.py:204: KeyError
=========================== short test summary info ============================
FAILED work/deadline_research_20261005/cuda_preparation/test_summarize_goop_graph_support_scoped_v3.py::test_scoped_collection_preserves_unassigned_activity_and_all_stage_cells
FAILED work/deadline_research_20261005/cuda_preparation/test_summarize_goop_graph_support_scoped_v3.py::test_rejected_raw_inventory_preserved_as_pending
FAILED work/deadline_research_20261005/cuda_preparation/test_summarize_goop_graph_support_scoped_v3.py::test_guarded_prefix_partial_and_stale_aggregate_retained
FAILED work/deadline_research_20261005/cuda_preparation/test_summarize_goop_graph_support_scoped_v3.py::test_collection_mutation_blocks_publication[row-during_aggregation]
FAILED work/deadline_research_20261005/cuda_preparation/test_summarize_goop_graph_support_scoped_v3.py::test_collection_mutation_blocks_publication[row-during_serialization]
FAILED work/deadline_research_20261005/cuda_preparation/test_summarize_goop_graph_support_scoped_v3.py::test_collection_mutation_blocks_publication[new_file-during_parse]
FAILED work/deadline_research_20261005/cuda_preparation/test_summarize_goop_graph_support_scoped_v3.py::test_collection_mutation_blocks_publication[new_file-during_aggregation]
FAILED work/deadline_research_20261005/cuda_preparation/test_summarize_goop_graph_support_scoped_v3.py::test_collection_mutation_blocks_publication[new_file-during_serialization]
FAILED work/deadline_research_20261005/cuda_preparation/test_summarize_goop_graph_support_scoped_v3.py::test_collection_mutation_blocks_publication[new_directory-during_parse]
FAILED work/deadline_research_20261005/cuda_preparation/test_summarize_goop_graph_support_scoped_v3.py::test_collection_mutation_blocks_publication[new_directory-during_aggregation]
FAILED work/deadline_research_20261005/cuda_preparation/test_summarize_goop_graph_support_scoped_v3.py::test_collection_mutation_blocks_publication[new_directory-during_serialization]
FAILED work/deadline_research_20261005/cuda_preparation/test_summarize_goop_graph_support_scoped_v3.py::test_collection_mutation_blocks_publication[amendment-during_parse]
FAILED work/deadline_research_20261005/cuda_preparation/test_summarize_goop_graph_support_scoped_v3.py::test_collection_mutation_blocks_publication[amendment-during_aggregation]
FAILED work/deadline_research_20261005/cuda_preparation/test_summarize_goop_graph_support_scoped_v3.py::test_collection_mutation_blocks_publication[amendment-during_serialization]
FAILED work/deadline_research_20261005/cuda_preparation/test_summarize_goop_graph_support_scoped_v3.py::test_collection_mutation_blocks_publication[root_release-during_parse]
FAILED work/deadline_research_20261005/cuda_preparation/test_summarize_goop_graph_support_scoped_v3.py::test_collection_mutation_blocks_publication[root_release-during_aggregation]
FAILED work/deadline_research_20261005/cuda_preparation/test_summarize_goop_graph_support_scoped_v3.py::test_collection_mutation_blocks_publication[root_release-during_serialization]
FAILED work/deadline_research_20261005/cuda_preparation/test_summarize_goop_graph_support_scoped_v3.py::test_collection_mutation_blocks_publication[own_source-during_parse]
FAILED work/deadline_research_20261005/cuda_preparation/test_summarize_goop_graph_support_scoped_v3.py::test_collection_mutation_blocks_publication[own_source-during_aggregation]
FAILED work/deadline_research_20261005/cuda_preparation/test_summarize_goop_graph_support_scoped_v3.py::test_collection_mutation_blocks_publication[own_source-during_serialization]
FAILED work/deadline_research_20261005/cuda_preparation/test_summarize_goop_graph_support_scoped_v3.py::test_collection_mutation_blocks_publication[frozen_source-during_parse]
FAILED work/deadline_research_20261005/cuda_preparation/test_summarize_goop_graph_support_scoped_v3.py::test_collection_mutation_blocks_publication[frozen_source-during_aggregation]
FAILED work/deadline_research_20261005/cuda_preparation/test_summarize_goop_graph_support_scoped_v3.py::test_collection_mutation_blocks_publication[frozen_source-during_serialization]
FAILED work/deadline_research_20261005/cuda_preparation/test_summarize_goop_graph_support_scoped_v3.py::test_all24_and_scientific_golden_equal_frozen_v2
FAILED work/deadline_research_20261005/cuda_preparation/test_summarize_goop_graph_support_scoped_v3.py::test_analysis_mutation_blocks_publication[collection-aggregation]
FAILED work/deadline_research_20261005/cuda_preparation/test_summarize_goop_graph_support_scoped_v3.py::test_analysis_mutation_blocks_publication[collection-serialization]
FAILED work/deadline_research_20261005/cuda_preparation/test_summarize_goop_graph_support_scoped_v3.py::test_analysis_mutation_blocks_publication[release-aggregation]
FAILED work/deadline_research_20261005/cuda_preparation/test_summarize_goop_graph_support_scoped_v3.py::test_analysis_mutation_blocks_publication[release-serialization]
FAILED work/deadline_research_20261005/cuda_preparation/test_summarize_goop_graph_support_scoped_v3.py::test_analysis_mutation_blocks_publication[source-aggregation]
FAILED work/deadline_research_20261005/cuda_preparation/test_summarize_goop_graph_support_scoped_v3.py::test_analysis_mutation_blocks_publication[source-serialization]
FAILED work/deadline_research_20261005/cuda_preparation/test_summarize_goop_graph_support_scoped_v3.py::test_unverified_inputs_block_analysis
31 failed, 15 passed in 7.42s
